9142-3,0.50,0.25,17,131,9142-2
9142-2,0.50,1.00,1000,13,
3519-3,0.50,0.25,129,105,3519-1,3519-2
3519-2,0.50,0.25,40,58,
3519-1,0.50,0.50,74,113,
3519-5,0.40,0.40,1,144,3519-4
3519-4,0.50,0.25,1,144,3519-3
6801-2,0.50,0.25,3,128,
6801-3,0.50,0.50,13,122,6801-1,6801-2
6801-1,0.50,0.50,37,124,
2771-1,0.50,0.25,455,120,
2771-2,0.50,1.00,313,89,2771-1
2771-3,0.70,0.35,1000,66,
2771-4,0.60,0.30,1000,16,2771-2,2771-3
1174-10,0.50,0.25,75,99,1174-4,1174-8,1174-9
8164-10,0.50,0.25,1,144,8164-9
1973-1,0.50,0.50,48,60,
1973-2,0.50,0.25,1,144,1973-1
1640-1,0.50,1.00,24,67,
1640-2,0.50,0.50,1,144,1640-1
7562-15,1.00,1.00,103,90,7562-2,7562-14
7562-14,1.00,0.50,99,112,7562-5,7562-8,7562-11,7562-12,7562-13
7562-17,1.00,1.00,5,144,7562-16
7562-16,1.00,1.00,4,125,
7562-11,1.00,0.50,1,144,7562-10
7562-10,1.00,2.00,27,122,7562-9
548-1,0.50,0.50,14,91,
8181-3,0.50,0.25,1,144,8181-2
7524-7,0.50,0.25,37,72,7524-5,7524-6
6647-10,1.00,1.00,7,61,6647-8,6647-9
6647-11,1.00,0.50,164,81,6647-2,6647-10
6647-12,1.00,1.00,183,100,6647-1,6647-11
6647-13,1.00,1.00,183,67,6647-12
9233-1,0.50,0.25,6,128,
3689-9,0.50,0.25,1000,84,
3689-8,0.50,0.50,1,144,3689-6,3689-7
3689-3,0.50,0.25,25,129,
3689-2,0.50,0.25,5,131,
3689-1,0.50,0.50,3,89,
3689-7,0.50,0.25,1,144,3689-9
3689-6,0.50,0.50,1,144,3689-5
3689-5,0.50,0.50,17,132,3689-3,3689-4,3689-9
3689-4,0.50,0.25,1,144,
147-1,0.40,0.20,556,97,
147-2,0.40,0.20,71,96,147-1
147-3,0.40,0.40,13,104,
9307-10,0.50,0.25,39,113,9307-2,9307-9
6013-3,0.50,0.25,403,94,6013-1,6013-2
6013-2,0.50,0.25,272,67,
6013-1,0.50,0.25,272,69,
5156-2,0.50,0.25,1,144,5156-1
5156-3,0.50,0.25,1,144,5156-2
5156-1,0.50,0.50,545,33,
8849-5,0.50,1.00,1,144,8849-2,8849-4
8164-11,0.50,0.25,1000,20,
8164-13,0.50,0.25,1000,18,
8164-14,0.50,0.25,1,144,8164-13
8913-1,0.50,0.50,1000,26,
7102-6,0.50,0.50,1,144,7102-3,7102-5
7102-5,0.50,0.25,1,144,7102-4
7102-4,0.50,1.00,1,144,
9339-11,0.50,0.25,5,120,9339-10
9339-10,0.50,0.50,415,92,9339-2,9339-9
9339-12,0.50,0.50,3,100,9339-11
7775-1,0.50,0.50,94,124,
7454-3,1.00,0.50,755,90,7454-1,7454-2
7454-2,1.00,0.50,752,84,
7454-1,1.00,0.50,1,144,
7454-4,1.00,1.00,757,23,7454-3
6533-8,1.00,0.50,114,116,6533-7
6533-9,1.00,1.00,1,144,
6533-4,1.00,0.50,112,116,6533-3
6533-5,1.00,1.00,108,125,
6533-6,1.00,0.50,6,132,
6533-7,1.00,0.50,115,108,6533-5,6533-6
6533-1,1.00,0.50,1,144,
6533-2,1.00,1.00,1,144,6533-1
6533-3,1.00,0.50,114,112,6533-5,6533-6
6397-11,0.50,1.00,1,144,6397-6,6397-10
8004-8,0.50,0.50,61,100,8004-4,8004-7
3070-3,0.75,0.38,1,144,
6775-1,0.50,1.00,1,144,
6775-3,0.50,0.25,421,67,
6775-4,0.50,1.00,38,114,6775-2,6775-3
6775-5,0.50,0.25,35,115,6775-4
5697-1,0.50,0.25,1,144,
5697-2,0.50,0.50,1,144,
5697-3,0.50,0.25,687,56,5697-2
9319-6,1.00,0.50,210,107,9319-5
9319-5,1.00,1.00,211,31,
9319-4,1.00,2.00,1000,78,9319-3,9319-9
9319-3,1.00,2.00,6,117,
9319-2,1.00,0.50,2,130,
9319-1,1.00,2.00,1,144,
9319-9,1.00,0.50,1000,60,
9319-8,1.00,2.00,212,87,9319-6,9319-7
3380-6,0.40,0.20,29,120,3380-5
3380-5,0.50,0.25,39,120,3380-3,3380-4
3380-4,0.70,0.35,25,95,
3380-3,0.50,0.50,43,107,3380-1,3380-2
3380-2,0.50,0.25,151,76,
3380-1,0.50,0.25,1,144,
49-10,0.50,0.25,5,120,49-1,49-9
49-11,0.50,0.25,1,144,49-10
49-12,0.50,0.25,1,144,49-11
8043-2,0.50,0.25,15,116,8043-1
8043-3,0.50,1.00,1,144,8043-2
8043-1,0.50,0.50,1000,38,
3420-1,0.50,0.50,1000,112,
4860-2,0.50,0.25,1,144,4860-1
4860-1,0.50,0.25,718,48,
1174-8,0.50,0.25,3,111,1174-5,1174-6,1174-7
1174-9,0.50,0.25,12,65,
1174-6,0.50,1.00,5,108,
1174-3,0.50,0.25,111,104,
1174-1,0.50,0.25,1,144,
1231-1,0.50,0.50,634,63,
1231-2,0.50,0.50,26,113,
1231-3,0.50,0.25,4,105,
9090-1,0.50,0.50,368,51,
9090-3,0.50,0.25,317,103,9090-1,9090-2
9090-4,0.50,0.50,1,144,9090-2,9090-3
9114-1,0.50,0.25,1,144,
9114-2,0.50,0.50,380,116,9114-1
9114-3,0.50,1.00,1,144,9114-2
6012-4,0.50,0.50,109,104,6012-3
6012-2,0.50,0.25,218,107,
6012-3,0.50,0.25,267,109,6012-1,6012-2
6012-1,0.50,0.50,50,112,
2817-3,0.50,0.50,849,74,
2817-2,0.50,0.25,277,75,
2817-1,0.40,0.40,88,61,
2817-5,0.50,0.25,1,144,2817-4
2817-4,0.50,1.00,189,108,2817-1,2817-2,2817-3
5464-1,0.50,0.25,757,49,
5464-2,0.50,0.50,1,144,5464-1
5464-3,0.50,1.00,1,144,5464-2
3343-4,1.00,2.00,242,105,3343-2,3343-3
3343-5,1.00,0.50,1,144,
3343-7,1.00,0.50,44,113,
8581-30,1.00,1.00,1000,40,8581-17,8581-29
5626-1,1.00,0.50,1,144,
5626-2,1.00,1.00,114,93,
5626-3,1.00,0.50,116,44,5626-1,5626-2
5626-4,1.00,0.50,117,92,5626-3
3671-2,0.50,0.25,123,16,3671-1
3671-1,0.50,0.50,517,89,
8120-10,0.50,0.50,1,144,8120-9
8120-11,0.50,0.25,1000,18,
8120-12,0.50,0.50,1,144,8120-11
8120-13,0.50,0.25,1000,17,
8120-14,0.50,0.50,1,144,8120-13
8120-15,0.50,0.25,1000,2,
8120-16,0.50,0.25,1,144,8120-15
6388-4,1.00,0.50,1000,87,
6388-5,1.00,0.50,1000,26,
6388-6,1.00,1.00,1,144,
6388-7,1.00,0.50,1,144,6388-6
6388-1,1.00,2.00,6,89,
6388-2,1.00,1.00,3,129,6388-1
6388-3,1.00,0.50,1,144,
6388-8,1.00,1.00,1000,103,6388-4,6388-5,6388-7
2428-1,0.75,1.50,49,97,
2428-2,0.50,0.25,83,51,2428-1
9012-1,0.75,0.75,533,93,
8224-2,0.50,0.50,1,144,8224-1
8224-4,0.50,0.25,1,144,8224-3
6858-4,1.00,0.50,159,78,
6858-5,1.00,0.50,161,82,
6858-6,1.00,0.50,171,99,
6858-7,1.00,0.50,746,110,6858-3,6858-4,6858-5,6858-6
6858-1,1.00,1.00,1,144,
6858-2,1.00,1.00,2,124,
6858-3,1.00,1.00,253,56,
6858-8,1.00,1.00,751,84,6858-1,6858-2,6858-7
9552-2,0.50,0.50,1,144,9552-1
9552-1,0.50,0.25,1000,27,
9250-4,0.50,0.50,197,100,9250-2,9250-3
2443-2,0.40,0.20,500,63,2443-1
7562-13,1.00,2.00,17,66,
7562-12,1.00,1.00,79,60,
7562-19,1.00,1.00,109,128,7562-15,7562-17,7562-18
7562-18,1.00,0.50,1,144,
6890-1,0.50,0.50,128,96,
6533-50,1.00,0.50,91,76,
6890-2,0.50,0.25,5,81,
151-1,0.40,0.20,8,137,
5196-4,0.50,0.25,1,144,5196-3
5196-5,0.50,0.25,1,144,5196-4
5196-3,0.50,0.25,19,126,5196-1,5196-2
5196-1,0.50,1.00,269,95,
6890-4,0.50,0.25,27,119,6890-3
151-3,0.40,0.40,395,118,151-5
151-2,0.50,0.25,1,144,151-1
151-5,0.50,0.50,1,144,151-4
151-4,0.50,0.25,1,144,
151-6,0.50,0.50,1,144,
9250-2,0.50,0.25,138,88,
3689-13,0.50,1.00,277,128,3689-8,3689-10,3689-11,3689-12
3689-12,0.50,0.25,1,144,
3689-11,0.50,0.25,23,68,
3689-10,0.50,0.25,1,144,3689-9
3689-14,0.50,0.50,97,108,3689-1,3689-2,3689-13
9250-1,0.50,0.25,508,97,
4284-7,0.50,1.00,3,141,
4284-6,0.50,0.25,3,144,4284-7
4284-5,0.50,0.50,9,127,4284-4
4284-4,0.50,1.00,25,90,
4284-3,0.50,1.00,3,129,4284-4
4284-2,0.50,0.50,3,108,4284-4
4284-1,0.50,0.50,9,111,4284-4
4284-9,0.50,0.50,3,131,4284-6,4284-8
4284-8,0.50,0.25,3,132,4284-7
3172-4,0.75,0.38,1,144,3172-3
3172-5,0.75,0.75,372,63,3172-2,3172-4
3172-2,0.75,0.75,416,104,3172-1
3172-3,0.75,0.38,19,127,
3172-1,0.75,0.75,316,102,
9712-1,1.00,2.00,168,78,
9712-2,1.00,0.50,1,144,
9712-4,1.00,1.00,1,144,
9712-5,1.00,2.00,540,52,9712-3,9712-4
9712-6,1.00,2.00,686,76,9712-1,9712-5
9240-2,0.50,0.25,138,95,
9240-3,0.50,1.00,62,111,
9240-5,0.50,0.25,371,116,9240-1,9240-4
5032-1,0.50,0.25,724,76,
5032-3,0.50,0.25,723,48,
5032-2,0.50,0.25,1,144,5032-1
5032-5,0.50,0.25,1,144,5032-4
5032-4,0.50,0.25,1,144,5032-2,5032-3
5032-6,0.50,0.25,1,144,5032-5
4539-1,0.50,0.25,709,49,
4539-2,0.50,0.50,1,144,4539-1
4539-3,0.50,0.50,1,144,4539-2
3597-15,1.00,0.50,1000,37,3597-14
3597-14,1.00,0.50,1000,89,3597-2,3597-13
3597-11,1.00,1.00,783,62,3597-10
3597-10,1.00,0.50,779,97,
3597-13,1.00,0.50,1000,29,3597-7,3597-12
3597-12,1.00,2.00,1000,80,3597-9,3597-11
3774-2,0.50,0.50,1,144,3774-1
472-8,0.50,1.00,15,106,472-7
472-1,0.50,0.25,177,69,
472-3,0.50,1.00,312,95,472-1
472-2,0.50,0.50,239,73,472-1
472-5,0.50,0.25,361,97,472-1
472-4,0.50,0.25,5,140,472-3
472-7,0.50,0.50,378,96,472-1
472-6,0.50,0.25,15,128,472-5
132-4,0.50,0.25,1,144,
132-5,0.50,0.25,1,144,132-4
132-7,0.50,0.25,498,96,132-1,132-3,132-6
423-3,1.00,0.50,53,125,
423-9,1.00,1.00,1000,92,423-8
423-8,1.00,1.00,1000,43,
7316-2,1.00,2.00,464,56,
5174-2,0.50,0.50,1,144,5174-1
5174-3,0.50,0.25,1,144,5174-2
6808-12,1.00,0.50,469,16,6808-5,6808-7,6808-11
1707-2,0.50,1.00,1,144,1707-1
1707-1,0.50,1.00,14,77,
490-1,0.50,0.25,912,59,
490-3,0.50,0.25,494,113,490-1
490-2,0.50,0.25,509,108,490-1
3335-7,1.00,0.50,49,119,3335-6
3335-6,1.00,1.00,48,89,
3335-5,1.00,0.50,205,112,3335-4
3335-4,1.00,2.00,203,122,3335-2,3335-3
3335-3,1.00,1.00,6,138,
3335-2,1.00,1.00,199,98,3335-1
3335-1,1.00,0.50,588,84,
3335-8,1.00,1.00,1000,67,
1040-2,0.50,1.00,1,144,1040-1
1040-1,0.50,0.25,6,96,
8085-5,0.50,0.25,1000,74,
9593-2,0.50,0.50,1,144,9593-1
6533-70,1.00,1.00,1000,70,6533-20,6533-21,6533-22,6533-69
6533-71,1.00,0.50,1000,112,6533-9,6533-10,6533-11,6533-12,6533-16,6533-18,6533-70
6533-72,1.00,2.00,1000,43,6533-2,6533-4,6533-8,6533-71
6048-3,0.50,0.50,1,144,6048-2
6048-2,0.50,0.25,3,132,6048-1
6048-1,0.50,0.50,3,124,
6048-7,0.50,0.50,16,122,6048-6
6048-6,0.50,0.25,420,16,6048-4,6048-5
6048-5,0.50,0.50,490,113,
6048-4,0.50,0.50,2,94,
6048-9,0.50,0.25,3,140,6048-3,6048-8
6048-8,0.50,0.25,7,133,6048-7
9278-1,0.50,0.50,1,144,
9278-2,0.50,0.25,539,108,
1420-1,0.50,1.00,8,100,
1420-2,0.50,0.50,1,144,1420-1
2722-4,0.50,0.50,39,114,
2722-5,0.50,0.25,13,131,2722-4
2722-6,0.75,1.50,609,99,
2722-7,0.65,0.33,287,111,2722-5,2722-6
2722-1,0.50,0.25,1,144,
2722-2,0.75,0.38,156,71,
2722-3,0.50,0.25,11,126,2722-1,2722-2
9525-2,1.00,0.50,1,144,
9525-4,1.00,1.00,112,32,9525-3
4812-3,0.50,0.25,31,112,4812-1,4812-2
4812-4,0.50,0.25,1,144,4812-3
4812-5,0.50,0.50,1,144,4812-4
4812-6,0.50,1.00,1,144,4812-5
3901-4,1.00,0.50,35,94,3901-3
3901-5,1.00,0.50,35,73,3901-4
3901-6,1.00,1.00,1000,21,3901-2,3901-5
3901-1,1.00,1.00,1000,51,
3901-2,1.00,0.50,1000,83,3901-1
3901-3,1.00,1.00,34,45,
147-4,0.50,0.50,1,144,147-3
147-5,0.40,0.20,9,130,147-2,147-4
8128-3,0.50,0.50,1,144,8128-2
8128-1,0.50,0.25,1000,38,
2449-5,0.50,1.00,1,144,
1990-1,0.50,1.00,1,144,
1990-2,0.50,0.50,2,129,
1990-3,0.50,0.25,115,103,
1990-4,0.50,0.50,11,122,1990-1,1990-2,1990-3
1990-5,0.50,0.25,9,127,
1990-6,0.50,0.25,5,103,
1990-7,0.50,1.00,406,53,
1990-9,0.50,1.00,12,67,
7617-1,0.50,0.50,64,123,
8577-6,0.50,0.25,9,111,8577-2,8577-5
8577-4,0.50,0.50,354,53,
8577-5,0.50,1.00,9,134,8577-3,8577-4
8577-2,0.50,0.50,13,127,8577-1
8577-3,0.50,0.25,272,102,
8577-1,0.50,0.25,76,90,
7948-1,0.50,0.25,1,144,
7948-3,0.50,0.25,1,144,7948-1,7948-2
1011-1,0.50,1.00,666,69,
1011-2,0.50,0.25,31,100,
1011-3,0.50,0.25,3,111,
1405-2,0.50,0.25,1,144,1405-1
1405-1,0.50,0.25,24,72,
8085-8,0.50,0.25,1,144,8085-7
9307-14,0.50,0.25,33,93,9307-1,9307-13
9307-12,0.50,0.25,33,106,9307-1,9307-11
9307-13,0.50,0.25,79,106,9307-2,9307-12
9521-2,0.50,0.25,38,100,
7469-3,0.50,1.00,458,100,
7469-2,0.50,0.25,11,118,7469-1
7469-1,0.50,0.25,9,132,
7469-4,0.50,0.50,495,92,7469-2,7469-3
2125-1,0.50,1.00,648,50,
2125-3,0.50,0.25,28,101,
2125-2,0.50,0.50,27,115,
423-10,1.00,0.50,1000,40,423-7,423-9
2517-4,0.50,0.25,37,111,2517-1,2517-2,2517-3
2517-5,0.40,0.20,1,144,2517-4
2517-2,0.50,0.50,63,83,
2517-3,0.50,0.50,335,71,
2517-1,0.50,0.25,23,72,
6274-12,1.00,0.50,306,118,6274-9,6274-11
6274-13,1.00,2.00,376,112,6274-3,6274-4,6274-5,6274-6,6274-7,6274-8,6274-12
6274-10,1.00,0.50,294,68,
6274-11,1.00,2.00,301,116,6274-9,6274-10
4245-2,0.50,0.25,1,144,4245-1
4245-3,0.50,0.25,1,144,4245-2
4245-1,0.50,1.00,699,50,
7471-1,1.00,0.50,2,138,
7471-2,1.00,0.50,463,34,
7471-3,1.00,2.00,462,26,7471-1,7471-2
9148-3,0.50,0.25,608,56,
9148-2,0.50,0.25,642,123,9148-1
9148-1,0.50,0.50,888,102,
9148-6,0.50,0.25,952,112,9148-2,9148-5
9148-5,0.50,0.50,559,119,9148-3,9148-4
9148-4,0.50,0.50,161,130,
8834-1,0.50,0.50,102,100,
8834-2,0.50,0.25,285,48,
8834-3,0.50,0.25,329,85,8834-1,8834-2
2463-2,0.60,0.30,788,99,
2463-1,0.50,0.50,1,144,
9240-1,0.50,0.25,508,95,
7090-6,0.50,0.25,33,117,7090-5
7090-5,0.50,1.00,828,115,7090-1,7090-4
7090-4,0.50,0.25,161,89,7090-2,7090-3
7090-3,0.50,0.50,121,76,
7090-2,0.50,0.25,538,103,7090-1
7090-1,0.50,0.50,1000,69,
9429-11,1.00,0.50,15,87,
9429-10,1.00,1.00,6,133,
9429-13,1.00,0.50,64,101,
9429-12,1.00,1.00,8,135,
9429-15,1.00,0.50,119,113,9429-7,9429-8,9429-9,9429-10,9429-11,9429-12,9429-13,9429-14
9429-14,1.00,0.50,11,120,
9429-17,1.00,2.00,125,128,9429-15,9429-16
9429-16,1.00,1.00,5,130,
9429-19,1.00,2.00,912,109,9429-1,9429-2,9429-3,9429-4,9429-5,9429-6,9429-17,9429-18
9429-18,1.00,0.50,108,79,
4580-1,0.50,0.25,708,50,
4580-2,0.50,0.25,1,144,4580-1
4580-3,0.50,0.50,1,144,4580-2
4401-1,0.50,0.25,703,48,
4401-2,0.50,0.25,1,144,4401-1
4401-3,0.50,0.25,1,144,4401-2
636-3,0.50,0.25,495,44,636-1,636-2
5968-5,0.50,0.25,1,144,5968-9
5968-4,0.50,0.25,1,144,5968-9
5968-7,0.50,0.50,1,144,5968-9
5968-6,0.50,0.25,1,144,5968-9
5968-1,0.50,0.25,1,144,5968-9
5968-3,0.50,0.25,1,144,5968-9
5968-2,0.50,0.25,1,144,5968-9
5968-9,0.50,0.25,87,94,
5968-8,0.50,0.25,1,144,5968-9
3702-1,0.50,1.00,561,88,
3702-2,0.50,1.00,1,144,3702-1
2214-2,0.50,1.00,1,144,2214-1
2214-1,0.50,0.25,48,87,
3530-1,1.00,0.50,318,83,
3530-2,1.00,1.00,2,140,
3530-3,1.00,1.00,323,88,3530-1,3530-2
3530-4,1.00,0.50,323,76,3530-3
3530-5,1.00,2.00,323,76,3530-4
3885-1,0.50,0.50,1000,76,
6397-12,0.50,0.50,43,104,6397-2,6397-4,6397-5,6397-11
2962-2,0.75,0.38,756,122,2962-1
2962-1,0.75,0.75,1,144,
9099-2,0.50,0.25,10,133,
9099-3,0.50,0.50,309,106,9099-1,9099-2
3994-6,0.50,0.25,109,77,3994-4,3994-5
3994-7,0.50,0.25,7,117,3994-2,3994-6
3994-4,0.50,0.25,132,114,3994-3
3994-5,0.50,0.25,3,141,
3994-2,0.50,0.25,9,130,3994-3
3994-3,0.50,0.25,207,79,
3994-1,0.50,1.00,57,76,3994-3
3994-8,0.50,0.25,13,130,3994-1,3994-7
6050-4,1.00,0.50,770,72,6050-2,6050-3
9307-7,0.50,0.25,1,144,
9307-4,0.50,0.50,10,116,
9307-5,0.50,0.25,3,129,9307-3,9307-4
9307-2,0.50,0.50,43,107,
6050-1,1.00,0.50,274,100,
6050-2,1.00,0.50,93,97,6050-1
6050-3,1.00,0.50,678,72,
9307-8,0.50,0.25,3,79,9307-6,9307-7
3290-1,0.50,0.25,107,108,
3290-3,0.50,0.25,644,83,
3290-2,0.50,0.50,42,124,
3290-4,0.50,0.50,747,23,3290-1,3290-2,3290-3
6775-2,0.50,0.25,7,116,6775-1
5011-1,0.50,0.25,725,46,
5011-2,0.50,1.00,1,144,5011-1
5011-3,0.50,0.25,1,144,5011-2
7503-2,1.00,0.50,769,20,
808-2,0.50,0.50,1,144,808-1
808-1,0.50,0.25,51,88,
6868-10,0.50,1.00,1,144,6868-9
5472-1,0.50,0.25,254,26,
5472-3,0.50,0.25,1,144,5472-2
5472-2,0.50,0.25,1,144,5472-1
5472-5,0.50,0.25,1,144,5472-4
5472-4,0.50,1.00,1,144,5472-3
132-2,0.40,0.20,147,83,
5788-4,1.00,0.50,463,115,5788-2,5788-3
9319-7,1.00,1.00,1,144,
4041-8,1.00,0.50,1000,72,4041-7
4041-9,1.00,0.50,1000,56,4041-8
4041-4,1.00,1.00,1000,51,4041-3
4041-5,1.00,1.00,1000,65,4041-4
4041-6,1.00,0.50,56,61,
4041-7,1.00,0.50,1000,30,
4041-1,1.00,0.50,56,60,
4041-2,1.00,2.00,1000,79,4041-1,4041-4
4041-3,1.00,1.00,1,144,
6904-10,0.50,1.00,1,144,6904-9
8195-2,0.50,0.25,21,118,8195-1
8195-3,0.50,0.25,1,144,8195-2
8195-1,0.50,0.25,1000,38,
2354-2,0.50,0.50,163,69,2354-1
812-4,0.50,0.25,37,113,812-2,812-3
812-3,0.50,1.00,12,66,
812-2,0.50,1.00,124,100,812-1
812-1,0.50,0.25,150,67,
6435-3,0.50,1.00,267,111,6435-2,6435-4
6435-2,0.50,0.25,372,104,6435-1
6435-1,0.50,0.25,292,113,
6435-6,0.50,0.25,188,75,6435-5
6435-5,0.50,0.25,274,104,6435-3,6435-4
6435-4,0.50,0.25,210,95,
9662-2,0.50,0.25,95,122,9662-1
1943-3,0.50,0.50,24,102,
9662-3,0.50,0.50,35,114,9662-2
3512-8,1.00,0.50,2,96,
3512-9,1.00,0.50,111,72,3512-7,3512-8
3512-1,1.00,1.00,8,136,
3512-2,1.00,1.00,3,137,3512-1
3512-4,1.00,0.50,7,136,
3512-5,1.00,0.50,4,89,
3512-6,1.00,1.00,104,76,
3512-7,1.00,0.50,109,112,3512-5,3512-6
8523-1,0.50,0.25,1,144,
8523-3,0.50,0.25,11,136,8523-2
8523-2,0.50,0.25,1000,24,8523-1
6537-1,1.00,0.50,1,144,
6537-6,1.00,1.00,90,119,6537-5
5296-5,0.50,0.50,1,144,5296-4
5296-4,0.50,0.25,13,132,5296-2,5296-3
5296-6,0.50,0.25,1,144,5296-5
5296-1,0.50,0.50,738,76,
5296-3,0.50,1.00,737,43,
4450-2,0.50,0.25,1,144,4450-1
4450-3,0.50,0.25,1,144,4450-2
4450-1,0.50,0.50,705,80,
3343-10,1.00,0.50,325,75,3343-1,3343-8,3343-9
9468-1,0.50,1.00,33,128,
8333-1,1.00,1.00,29,130,
8333-2,1.00,1.00,1000,87,
8333-3,1.00,0.50,1000,106,8333-2
8333-4,1.00,0.50,1,144,
8333-5,1.00,0.50,1000,87,8333-3,8333-4
8333-6,1.00,2.00,1000,72,8333-1,8333-5
9468-2,0.50,0.50,468,88,
3983-2,0.50,0.25,1,144,3983-1
3983-3,0.50,0.50,44,123,3983-2
3983-1,0.50,0.25,47,47,
3983-4,0.50,0.25,1,144,3983-3
3983-5,0.50,0.25,53,92,3983-3,3983-4
2001-10,0.50,0.25,33,108,2001-4,2001-8,2001-9
2059-2,0.50,0.50,1,144,2059-1
6107-1,0.50,0.25,455,74,
6107-3,0.50,0.50,1,144,6107-2
6107-2,0.50,0.25,124,108,6107-1
8843-14,0.50,1.00,7,94,
8843-16,0.50,1.00,117,61,8843-12,8843-15
8843-17,0.50,0.50,26,44,8843-11,8843-16,8843-21
8843-11,0.50,0.25,2,139,
8843-18,0.50,0.25,29,40,8843-10,8843-17
6256-4,0.50,0.50,1,144,6256-3
6256-5,0.50,0.50,17,130,6256-1
6256-6,0.50,0.25,27,127,6256-4,6256-5
6256-1,0.50,0.25,3,132,
6256-2,0.50,0.25,1,144,6256-5
6256-3,0.50,1.00,29,108,6256-2,6256-5
2109-2,0.50,0.50,1,144,2109-1
2109-1,0.50,0.25,136,70,
7911-2,0.50,0.25,147,104,7911-1
7911-1,0.50,0.25,149,106,
947-2,0.50,0.50,20,50,
9229-5,0.50,0.25,578,41,9229-1,9229-4
9229-4,0.50,0.50,590,104,9229-2,9229-3
1174-7,0.50,1.00,388,85,
1174-4,0.50,0.25,3,132,1174-1,1174-2,1174-3
1174-5,0.50,0.25,4,108,
1174-2,0.50,1.00,2,144,
9468-6,0.50,0.25,37,116,9468-2,9468-3,9468-5
5611-32,1.00,0.50,1000,84,5611-5,5611-6,5611-7,5611-31
5611-33,1.00,0.50,1000,13,5611-32
5611-30,1.00,1.00,1000,66,5611-13,5611-29
5611-31,1.00,0.50,1000,83,5611-9,5611-11,5611-30
4671-5,0.50,0.25,1,144,4671-4
4671-4,0.50,1.00,1,144,4671-3
4671-3,0.50,0.50,19,116,4671-1,4671-2
4671-2,0.50,0.25,704,55,
4671-1,0.50,0.50,269,89,
6047-8,0.50,1.00,1,144,6047-7
6047-9,0.50,1.00,1,144,6047-6,6047-8
6047-4,0.50,0.25,1,144,6047-7
6047-5,0.50,0.25,1,144,6047-3,6047-4
6047-6,0.50,0.25,1,144,6047-7
6047-7,0.50,0.25,4,140,
6047-1,0.50,0.25,1,144,6047-7
6047-2,0.50,0.25,1,144,6047-7
6047-3,0.50,0.25,1,144,6047-7
4796-3,0.50,0.50,1,144,4796-2
4796-2,0.50,0.25,1,144,4796-1
4796-1,0.50,0.25,482,32,
3849-1,1.00,0.50,1000,61,
3849-3,1.00,2.00,1000,76,3849-1,3849-2
3849-2,1.00,2.00,4,134,
7102-3,0.50,0.25,1,144,7102-2
1336-2,0.50,0.50,29,102,
1336-3,0.50,0.50,7,116,
7102-2,0.50,0.25,739,76,7102-1
6124-1,0.50,0.25,495,84,
2847-1,1.00,1.00,1,144,
417-2,0.50,0.25,231,96,417-1
417-3,0.50,0.25,45,133,
417-1,0.50,0.25,205,103,
417-6,0.50,0.25,245,109,417-2,417-5
417-7,0.50,1.00,15,122,417-6
417-4,0.50,0.25,41,107,
417-5,0.50,0.25,25,116,417-3,417-4
417-8,0.50,0.25,7,133,417-7
7886-2,0.50,0.25,151,102,7886-1
7886-1,0.50,0.25,191,114,
8459-2,1.00,0.50,7,81,8459-4
7725-1,0.50,0.25,49,120,
9090-2,0.50,0.25,2,95,
7174-5,1.00,0.50,155,112,7174-2,7174-4
1436-5,0.50,0.25,5,131,1436-4
1436-4,0.50,0.50,33,47,
1436-7,0.50,0.25,3,132,1436-6
1436-6,0.50,0.25,6,116,
1436-1,0.50,0.50,169,89,
1436-3,0.50,0.50,1,144,1436-2
1436-2,0.50,0.25,1,144,1436-4
1436-9,0.50,0.25,278,114,1436-1,1436-3,1436-5,1436-7,1436-8
1436-8,0.50,1.00,12,66,
2730-1,0.50,0.50,1,144,
2730-3,0.50,0.50,119,124,2730-2
2730-2,0.70,0.35,1000,71,2730-1
151-9,0.50,0.50,61,99,151-8
151-8,0.50,0.50,355,84,151-2,151-3,151-7
3798-4,0.50,0.25,243,80,3798-1,3798-2,3798-3
3798-1,0.50,0.25,1,144,
3798-2,0.50,0.25,160,112,
3798-3,0.50,0.25,1,144,
9274-3,0.50,1.00,3,136,9274-2
9274-2,0.50,0.25,2,140,
9274-5,0.50,0.25,7,129,9274-4
9274-4,0.50,0.25,1000,18,
9274-7,0.50,0.50,232,73,
9274-6,0.50,1.00,1,144,9274-5
9274-9,0.50,0.25,5,132,9274-3,9274-8
8155-4,0.50,0.25,1,144,8155-3
8155-2,0.50,0.50,355,6,8155-1
8155-3,0.50,1.00,1,144,8155-2
8155-1,0.50,0.25,1000,42,
423-7,1.00,0.50,398,91,423-1,423-6
423-6,1.00,2.00,171,69,423-2,423-5
423-5,1.00,0.50,92,115,423-3,423-4
423-4,1.00,0.50,44,112,
423-2,1.00,2.00,73,139,423-3,423-4
423-1,1.00,0.50,227,52,
162-13,0.50,0.25,43,108,162-12
162-12,0.50,0.25,1,144,162-11
162-11,0.50,0.50,1,144,
162-10,0.50,1.00,39,120,162-9
162-16,0.50,0.50,1,144,162-15
162-15,0.40,0.40,193,80,162-10,162-13,162-14
162-14,0.50,1.00,1,144,
3335-14,1.00,2.00,1000,1,3335-13
3335-13,1.00,0.50,1000,45,3335-5,3335-12
3335-12,1.00,1.00,1000,76,3335-11
3335-11,1.00,0.50,1000,66,3335-9,3335-10
3335-10,1.00,0.50,79,110,
7547-2,0.50,1.00,686,102,7547-1
7547-3,0.50,0.25,1,144,7547-2
7547-1,0.50,0.25,1,144,
8128-2,0.50,1.00,165,108,8128-1
5439-6,0.50,0.50,1,144,5439-5
5439-4,0.50,0.25,1,144,5439-2,5439-3
5439-5,0.50,0.25,1,144,5439-4
5439-2,0.50,0.25,1,144,5439-1
5439-3,0.50,0.50,750,44,
5439-1,0.50,0.25,750,75,
2449-6,0.40,0.40,1,144,2449-2,2449-4,2449-5
2449-4,0.40,0.20,500,66,2449-3
2449-2,0.40,0.20,500,40,2449-1
2449-3,0.40,0.20,116,137,
2449-1,0.40,0.20,93,88,
6533-44,1.00,0.50,1,144,
8581-6,1.00,0.50,55,117,8581-5
5968-11,0.50,0.25,1,144,5968-1,5968-2,5968-3,5968-4,5968-5,5968-6,5968-7,5968-8,5968-10
5968-10,0.50,1.00,1,144,5968-9
3721-4,0.50,0.25,2,144,3721-3
3721-5,0.50,0.25,4,101,
3721-6,0.50,1.00,1,144,3721-5
3721-7,0.50,0.25,1,144,
3721-1,0.50,0.25,9,138,
3721-2,0.50,0.25,5,136,3721-1
3721-3,0.50,0.25,542,96,
3721-8,0.50,0.50,1,144,3721-7
3721-9,0.50,0.25,87,111,
5649-11,0.50,0.25,5,124,
5649-10,0.50,1.00,1,144,5649-9
5649-13,0.50,0.25,1,144,
5649-12,0.50,0.25,1,144,5649-11
5649-15,0.50,0.25,166,76,5649-14
5649-14,0.50,0.50,1,144,5649-13
5649-17,0.50,0.25,706,84,
5649-16,0.50,0.50,1,144,5649-15
5649-19,0.50,0.25,2,135,
5649-18,0.50,1.00,331,84,5649-17
1180-6,0.50,0.25,64,103,1180-5
49-2,0.50,0.50,1000,9,
8987-3,0.50,0.50,37,85,8987-2
2354-1,0.50,0.25,54,124,
6599-1,0.50,0.25,934,92,
8351-2,0.50,0.50,832,88,8351-1
1143-1,0.50,1.00,28,76,
1143-2,0.50,0.25,1,144,1143-1
2648-2,0.40,0.80,338,126,
8113-1,0.50,0.25,1000,40,
9943-4,1.00,1.00,143,62,9943-1,9943-2,9943-3
9943-5,1.00,0.50,167,80,
9943-7,1.00,1.00,315,90,9943-6
3030-1,0.75,0.38,1,144,
3030-3,0.75,0.38,223,101,3030-2
3030-2,0.75,0.75,1000,21,3030-1
3030-4,0.75,0.38,11,90,3030-3
1512-2,0.50,0.50,6,128,
1512-3,0.50,0.25,5,106,
1512-1,0.50,0.25,564,78,
1961-1,0.50,0.25,23,90,
1961-2,0.50,0.50,1,144,1961-1
8224-1,0.50,0.25,1000,1,
497-2,1.00,1.00,56,78,
497-3,1.00,1.00,169,85,
497-1,1.00,0.50,57,114,497-3
497-6,1.00,0.50,283,106,497-5
1900-2,0.50,0.50,1,144,1900-1
497-4,1.00,0.50,225,116,497-2,497-3
497-5,1.00,0.50,283,99,497-1,497-4
7205-7,0.50,0.50,1,144,7205-2
7205-6,0.50,0.25,1,144,7205-2
7205-3,0.50,1.00,1,144,7205-2
7205-2,0.50,0.25,23,116,7205-1
7205-1,0.50,0.25,83,116,
9164-5,0.50,0.25,1,144,9164-4
9164-4,0.50,0.25,97,111,9164-1,9164-3
9164-1,0.50,0.25,46,104,
9164-3,0.50,0.50,3,132,9164-2
8802-2,1.00,2.00,1,144,
474-13,0.50,0.50,5,129,
474-11,0.50,0.50,2,137,
474-10,0.50,0.25,5,137,
474-17,0.50,0.25,7,118,474-15,474-16
474-16,0.50,0.25,2,115,
474-15,0.50,0.25,2,106,
474-14,0.50,0.50,5,120,
4111-2,0.50,0.25,198,103,
4111-3,0.50,0.25,1,144,
474-19,0.50,0.50,289,103,474-1,474-2,474-3,474-4,474-5,474-6,474-7,474-18
474-18,0.50,0.50,25,122,474-8,474-9,474-10,474-11,474-12,474-13,474-14,474-17
4111-4,0.50,0.25,1,144,4111-3
4111-5,0.50,0.50,1,144,4111-2,4111-4
9491-1,0.50,0.25,1,144,
9491-2,0.50,0.50,1,144,
9491-3,0.50,0.25,1,144,
9491-4,0.50,1.00,1,144,
9491-5,0.50,0.25,24,74,
9491-6,0.50,0.50,39,116,9491-5
9491-7,0.50,1.00,51,116,9491-1,9491-2,9491-3,9491-4,9491-6
4982-2,0.50,1.00,1,144,4982-1
4982-1,0.50,0.25,722,54,
3836-9,1.00,1.00,1000,80,3836-3,3836-4,3836-5,3836-8
3836-8,1.00,0.50,964,52,3836-7
3836-3,1.00,1.00,1000,49,3836-1,3836-2
3836-2,1.00,0.50,1,144,
3836-1,1.00,0.50,23,72,
3836-7,1.00,0.50,966,64,3836-6
3836-6,1.00,0.50,965,11,
3836-5,1.00,0.50,23,83,
3836-4,1.00,0.50,1000,41,3836-3
7205-13,0.50,0.25,1,144,7205-2
7205-12,0.50,0.25,1,144,7205-2
7205-11,0.50,0.25,1,144,7205-2
7205-10,0.50,0.50,1,144,7205-2
7524-6,0.50,1.00,1,144,
7524-5,0.50,0.25,49,80,7524-1,7524-4
7524-4,0.50,1.00,25,123,7524-2,7524-3
7524-3,0.50,0.50,677,5,
129-8,0.50,0.25,1,144,129-7
129-4,0.50,0.25,1,144,
129-5,0.50,0.50,445,98,129-1,129-3,129-4
129-6,0.50,0.50,1,144,129-5
129-7,0.50,0.50,1,144,129-6
129-1,0.50,0.25,864,106,
129-2,0.50,0.25,145,71,
129-3,0.50,0.50,1,144,129-2
1481-3,0.50,0.50,7,108,
1481-2,0.50,0.25,31,100,
1481-1,0.50,0.25,686,62,
2731-8,0.75,0.38,375,42,2731-3,2731-7
2731-4,0.50,0.25,38,112,
2731-5,0.50,0.25,11,123,2731-4
2731-7,0.65,0.33,287,114,2731-5,2731-6
2731-1,0.50,1.00,1,144,
2731-2,0.75,0.38,165,81,
2731-3,0.50,0.50,11,120,2731-1,2731-2
5135-3,0.50,0.25,1,144,5135-2
5135-2,0.50,0.25,1,144,5135-1
5135-1,0.50,1.00,1000,47,
777-5,0.50,0.25,499,42,777-4
777-4,0.50,0.50,497,55,777-3
777-2,0.50,0.25,29,124,
1193-2,0.50,1.00,1,144,1193-1
1193-1,0.50,1.00,48,87,
7202-8,0.50,0.50,1,144,7202-1
7202-1,0.50,0.50,60,124,
7202-2,0.50,0.25,1,144,7202-1
7202-4,0.50,0.50,1,144,7202-1
7202-5,0.50,0.25,1,144,7202-1
7202-6,0.50,0.50,1,144,7202-1
7202-7,0.50,0.50,1,144,7202-1
7383-2,0.50,0.25,145,109,7383-1
9250-5,0.50,0.25,9,114,9250-1,9250-4
6450-10,1.00,1.00,1,144,
1900-1,0.50,0.25,20,82,
3343-8,1.00,0.50,16,42,
3343-9,1.00,0.50,306,112,3343-6,3343-7,3343-8
7205-9,0.50,1.00,1,144,7205-2
7205-8,0.50,1.00,1,144,7205-2
7205-5,0.50,0.25,1,144,7205-2
7205-4,0.50,0.25,1,144,7205-2
9164-2,0.50,1.00,2,140,
6647-7,1.00,1.00,1,144,
6647-4,1.00,1.00,1,144,
6647-2,1.00,0.50,153,81,
6647-3,1.00,2.00,1,144,
6647-1,1.00,0.50,11,86,
1534-2,0.50,0.50,6,119,
1534-3,0.50,0.50,5,98,
1534-1,0.50,0.50,584,85,
344-28,0.50,0.25,1,144,344-10
344-29,0.50,0.25,1,144,344-28
344-24,0.50,0.25,1,144,344-25
344-25,0.50,0.25,13,132,344-14
344-26,0.50,0.50,1,144,344-9
344-27,0.50,0.25,1,144,344-26
344-20,0.50,0.50,13,76,344-14
344-21,0.50,0.50,1,144,344-20
344-22,0.50,0.25,1,144,344-10
344-23,0.50,0.25,1,144,344-22
6388-9,1.00,0.50,1000,116,6388-2,6388-3,6388-8
7248-2,0.50,1.00,1,144,
7248-3,0.50,0.25,720,16,
7248-1,0.50,0.25,25,106,7248-2,7248-3
7248-6,0.50,0.50,1,144,
7248-7,0.50,1.00,37,23,7248-5,7248-6
7248-4,0.50,0.50,25,96,7248-2,7248-3
7248-5,0.50,0.25,49,72,7248-1,7248-4
7998-3,1.00,0.50,1,144,
3951-3,1.00,0.50,1,144,
3951-2,1.00,1.00,1000,60,3951-1,3951-4
3951-1,1.00,2.00,38,74,
3951-7,1.00,2.00,1000,36,
3951-6,1.00,0.50,38,68,
3951-5,1.00,0.50,1000,66,3951-4
3951-4,1.00,1.00,1000,65,3951-3
3951-9,1.00,0.50,1000,65,3951-8
3951-8,1.00,0.50,1000,64,3951-7
9669-8,0.50,0.25,1000,96,9669-2,9669-4,9669-7
9669-7,0.50,0.25,1000,110,9669-5,9669-6
9669-6,0.50,0.50,1000,101,
9669-5,0.50,0.25,28,81,
9669-4,0.50,0.25,148,113,9669-3
9669-3,0.50,0.25,1000,12,
9669-2,0.50,0.50,3,144,9669-1
9669-1,0.50,0.25,1,144,
6464-1,0.50,0.25,11,110,
6464-3,0.50,0.25,278,17,6464-1,6464-2
6464-2,0.50,1.00,273,51,
474-12,0.50,0.25,1,144,
4111-8,0.50,0.50,45,118,4111-1,4111-7
4111-1,0.50,0.25,25,125,
4111-6,0.50,0.25,101,115,4111-2,4111-5
4111-7,0.50,0.50,141,104,4111-2,4111-6
344-2,0.50,0.50,1,144,
7960-8,0.50,0.50,60,92,7960-4,7960-7
7960-5,0.50,0.50,614,100,
8220-1,0.50,0.25,2,136,
5204-4,1.00,0.50,255,25,5204-1,5204-2,5204-3
8843-10,0.50,0.25,3,91,
5204-2,1.00,1.00,1,144,
947-8,0.50,0.50,28,111,947-6,947-7
947-4,0.50,0.50,46,112,947-1,947-2,947-3
947-5,0.50,0.25,114,120,947-1,947-2,947-3,947-4
947-6,0.50,0.25,42,122,947-5
947-7,0.50,0.25,6,136,
2082-1,0.50,0.25,692,72,
947-1,0.50,0.25,3,144,
2082-2,0.50,1.00,33,93,
8843-13,0.50,0.50,7,94,
5700-1,0.50,0.25,1,144,
5700-3,0.50,0.25,721,45,5700-2
5700-2,0.50,0.25,1,144,
5700-5,0.50,0.50,1,144,5700-4
5700-4,0.50,1.00,1,144,5700-1,5700-3
7202-3,0.50,0.25,1,144,7202-1
6274-9,1.00,1.00,6,129,
5699-4,0.50,0.25,1,144,5699-1,5699-3
5699-5,0.50,1.00,1,144,5699-4
5699-2,0.50,0.25,1,144,
5699-3,0.50,0.50,715,55,5699-2
5699-1,0.50,0.25,1,144,
3466-1,0.75,0.38,226,80,
3466-3,0.40,0.80,9,95,3466-2
3466-4,0.40,0.40,1,144,3466-3
8224-14,0.50,0.25,1,144,8224-13
8224-16,0.50,1.00,1,144,8224-15
8224-11,0.50,1.00,1000,20,
8224-10,0.50,0.50,1,144,8224-9
8224-13,0.50,0.25,1000,20,
8224-12,0.50,0.50,1,144,8224-11
7343-3,0.50,0.25,1,144,7343-2
6904-9,0.50,0.50,11,104,6904-2,6904-8
3345-2,0.75,0.38,100,88,
3345-3,0.50,1.00,250,118,
3345-1,0.50,0.25,1000,113,
3345-4,0.50,1.00,1000,105,3345-1,3345-2,3345-3
3345-5,0.50,1.00,1000,89,3345-4
8514-3,0.50,1.00,245,46,8514-1,8514-2
8514-2,0.50,0.50,80,67,
8514-1,0.50,0.25,12,32,
2447-4,0.40,0.20,500,44,2447-3
2447-5,0.50,0.50,1,144,
2447-6,0.40,0.80,1,144,2447-2,2447-4,2447-5
2447-1,0.40,0.20,93,92,
2447-2,0.40,0.40,499,57,2447-1
2447-3,0.40,0.20,116,131,
3354-10,0.50,0.50,1,144,
3354-11,0.50,0.25,825,72,3354-8,3354-9,3354-10
8459-7,1.00,0.50,1000,91,
8459-5,1.00,0.50,19,98,8459-4
8137-2,0.50,0.25,21,118,8137-1
8137-3,0.50,0.25,1,144,8137-2
8137-1,0.50,0.50,1000,40,
6173-4,0.50,0.25,83,114,6173-3
6173-1,0.50,0.50,796,83,
6173-2,0.50,0.25,11,112,
9299-2,0.50,0.25,303,117,9299-1
9299-3,0.50,0.50,21,117,9299-2
9299-1,0.50,0.25,1000,53,
7524-2,0.50,0.25,1,144,
7524-1,0.50,0.25,25,120,7524-2,7524-3
3786-1,1.00,0.50,1000,70,
3786-3,1.00,0.50,1,144,
3786-2,1.00,2.00,1,144,
3786-5,1.00,1.00,7,101,3786-2,3786-3,3786-4
3786-4,1.00,0.50,5,136,
3786-7,1.00,0.50,61,141,3786-6
3786-6,1.00,0.50,60,27,
3786-9,1.00,0.50,1000,37,3786-1,3786-8
3786-8,1.00,2.00,69,139,3786-5,3786-7
2001-8,0.50,1.00,1,144,2001-5,2001-6,2001-7
2001-9,0.50,0.25,12,65,
2001-6,0.50,0.25,5,136,
2001-7,0.50,0.25,404,88,
2001-4,0.50,1.00,1,144,2001-1,2001-2,2001-3
2001-5,0.50,0.50,8,108,
2001-2,0.50,0.25,2,131,
2001-3,0.50,0.25,115,104,
2001-1,0.50,0.50,1,144,
1215-8,0.50,0.25,49,120,1215-6,1215-7
1215-2,0.50,0.25,28,105,
1215-3,0.50,1.00,684,28,
1215-1,0.50,0.25,4,112,
1215-6,0.50,0.25,64,113,1215-5
1215-7,0.50,0.25,12,66,
1215-4,0.50,0.50,73,123,1215-1,1215-2,1215-3
1215-5,0.50,0.25,169,107,1215-1,1215-2,1215-3,1215-4
3306-5,1.00,1.00,28,134,3306-2,3306-3,3306-4
3306-4,1.00,0.50,25,110,
3306-7,1.00,0.50,31,116,3306-6
3306-6,1.00,1.00,30,122,3306-1,3306-5
3306-1,1.00,1.00,1,144,
3306-3,1.00,2.00,1,144,
3306-2,1.00,0.50,2,144,
3947-2,0.50,1.00,3,144,3947-1
3947-3,0.50,0.25,534,93,
3947-1,0.50,1.00,5,109,
3947-6,0.50,0.25,3,111,3947-2,3947-4,3947-5
3209-1,0.75,0.38,438,99,
3947-4,0.50,0.25,3,144,3947-3
3947-5,0.50,0.50,4,113,
7998-6,1.00,0.50,1,144,
7998-4,1.00,1.00,1,144,
7998-5,1.00,0.50,1,144,7998-4
7998-1,1.00,0.50,131,92,
7998-8,1.00,1.00,177,136,7998-2,7998-7
7998-9,1.00,1.00,175,71,7998-8
2084-2,0.50,0.25,1,144,2084-1
2084-1,0.50,0.25,48,95,
8796-1,0.50,1.00,103,128,
9252-5,0.50,0.25,1,144,9252-1,9252-4
5488-2,0.50,0.25,1,144,5488-1
5488-3,0.50,0.50,1,144,5488-2
5488-1,0.50,0.50,774,48,
7838-1,0.50,0.50,93,122,
3398-1,1.00,0.50,13,135,
3398-2,1.00,0.50,5,115,3398-1
3398-3,1.00,0.50,192,113,
3398-4,1.00,0.50,192,111,3398-3
3398-5,1.00,0.50,199,17,3398-2,3398-4
9593-1,0.50,0.25,1000,53,
4825-2,0.50,0.25,1,144,4825-1
4825-3,0.50,0.25,1,144,4825-2
4825-1,0.50,0.25,479,40,
8234-2,0.50,0.25,20,117,8234-1
8234-3,0.50,1.00,1,144,8234-2
8234-1,0.50,1.00,1000,43,
4013-1,0.50,0.25,165,28,
4013-2,0.50,0.25,1,144,4013-1
8581-19,1.00,1.00,1,144,8581-18
8581-18,1.00,0.50,1,144,
8581-11,1.00,0.50,387,69,
8581-10,1.00,1.00,13,32,8581-9
8581-13,1.00,2.00,813,54,8581-11,8581-12
8581-12,1.00,0.50,424,39,
8581-15,1.00,0.50,1000,28,8581-13,8581-14
8581-14,1.00,0.50,724,33,
8581-17,1.00,1.00,1000,84,8581-6,8581-10,8581-16
8581-16,1.00,0.50,1000,57,8581-15
3805-1,0.50,0.25,1,144,
3805-2,0.50,0.25,289,88,3805-1
8805-1,1.00,1.00,46,97,
8805-4,1.00,0.50,137,40,8805-1,8805-3
8982-8,0.50,0.25,109,109,8982-7
8982-9,0.50,0.25,106,12,8982-8
8982-2,0.50,0.50,1,144,8982-1
8982-3,0.50,0.25,29,38,
8982-1,0.50,0.50,2,144,
8982-6,0.50,0.25,13,121,8982-5
8982-4,0.50,0.25,111,119,8982-3
8982-5,0.50,0.50,12,99,
7456-7,0.50,0.50,37,79,7456-5,7456-6
6572-11,1.00,0.50,27,115,
6572-10,1.00,0.50,1000,87,6572-7,6572-9
6572-12,1.00,0.50,1000,1,6572-10,6572-11
4369-1,1.00,0.50,187,49,
4369-3,1.00,0.50,34,35,
4369-2,1.00,2.00,1,144,
4369-5,1.00,0.50,223,58,4369-4
4369-4,1.00,0.50,223,44,4369-1,4369-2,4369-3
5824-1,0.50,0.25,1,144,
7374-2,1.00,0.50,743,17,
7374-3,1.00,2.00,739,38,7374-1,7374-2
7374-1,1.00,0.50,1,144,
7374-4,1.00,0.50,741,13,7374-3
9202-5,0.50,0.25,1,144,9202-1,9202-2
7625-1,0.50,0.50,35,134,
2443-3,0.40,0.40,116,134,
5607-11,0.50,0.50,9,132,5607-2,5607-10
1702-3,0.50,1.00,13,94,
1702-2,0.50,0.25,31,100,
1702-1,0.50,0.25,685,60,
2731-6,0.75,0.38,577,94,
3446-1,0.75,1.50,40,108,
777-1,0.50,0.50,2,136,
9504-1,0.50,1.00,1000,47,
8891-7,0.50,1.00,115,104,8891-3,8891-6
8891-6,0.60,0.30,279,100,8891-4,8891-5
6533-58,1.00,2.00,6,103,
6533-59,1.00,2.00,47,99,
6533-52,1.00,1.00,1,144,
6533-53,1.00,0.50,1,144,6533-52
6533-51,1.00,2.00,1000,64,6533-49,6533-50
6533-54,1.00,0.50,25,101,
4759-1,0.50,0.50,254,27,
4759-2,0.50,0.25,1,144,4759-1
4759-3,0.50,0.25,1,144,4759-2
1568-1,0.50,0.25,11,95,
1568-2,0.50,0.25,1,144,1568-1
6918-2,0.50,1.00,11,128,6918-1
6918-5,0.50,0.25,1000,80,
6918-4,0.50,0.50,1,144,6918-3
9233-2,0.50,1.00,1,144,9233-1
9233-3,0.50,0.50,245,111,
9233-6,0.50,0.50,5,136,9233-5
9233-7,0.50,1.00,3,139,9233-6
9233-4,0.50,0.25,133,121,
9233-5,0.50,0.50,243,108,9233-2,9233-3,9233-4
9623-1,0.50,0.25,1000,42,
9623-2,0.50,0.50,1,144,9623-1
5649-20,0.50,0.25,72,83,5649-5,5649-10,5649-12,5649-16,5649-18,5649-19
8185-4,0.50,0.25,243,96,8185-1,8185-3
8185-1,0.50,0.50,1,144,
8185-3,0.50,1.00,7,69,8185-2
8185-2,0.50,0.25,1,144,
8004-5,0.50,0.25,628,102,
8004-4,0.50,0.25,1,144,
8004-7,0.50,0.25,191,106,8004-5,8004-6
8004-6,0.50,1.00,1,144,
8004-1,0.50,0.25,94,112,
8004-3,0.50,0.25,615,100,8004-1,8004-2
8004-2,0.50,0.50,1000,81,
2697-4,0.75,0.38,774,83,2697-2,2697-3
2697-1,0.75,0.38,3,125,
2697-3,0.75,0.38,460,114,
2697-2,0.65,0.33,3,124,2697-1
1861-1,0.50,0.25,687,69,
1861-3,0.50,1.00,19,96,
1861-2,0.50,0.50,32,88,
5697-4,0.50,0.25,1,144,5697-1,5697-3
5697-5,0.50,0.50,1,144,5697-4
8128-4,0.50,0.25,1,144,8128-3
3429-3,0.40,0.20,13,110,3429-2
3429-2,0.50,1.00,1000,112,3429-1
3429-1,0.75,1.50,1000,65,
3429-4,0.40,0.20,6,80,3429-3
3827-1,0.50,0.25,1000,95,
3827-3,0.50,0.50,911,88,3827-1,3827-2
3827-2,0.50,0.25,1000,52,
1385-8,0.50,1.00,1,144,1385-5,1385-6,1385-7
1385-9,0.50,0.25,12,64,
1385-1,0.50,0.25,1,144,
1385-2,0.50,0.50,2,125,
1385-3,0.50,0.25,115,106,
1385-4,0.50,0.25,11,140,1385-1,1385-2,1385-3
1385-5,0.50,0.50,4,144,
1385-6,0.50,0.25,5,100,
1385-7,0.50,0.25,401,85,
2239-1,0.50,0.50,50,90,
2239-2,0.50,0.50,1,144,2239-1
8528-2,0.50,0.25,1000,26,8528-1
8528-1,0.50,0.25,1,144,
1762-9,0.50,0.50,8,70,
1762-8,0.50,0.25,1,144,1762-5,1762-6,1762-7
1762-5,0.50,0.25,5,108,
1762-4,0.50,1.00,10,113,1762-1,1762-2,1762-3
1762-7,0.50,0.50,332,96,
1762-6,0.50,0.50,5,129,
1762-1,0.50,0.50,1,144,
1762-3,0.50,0.25,90,108,
1762-2,0.50,1.00,2,144,
4368-1,0.50,0.25,705,47,
4368-2,0.50,0.50,1,144,4368-1
4368-3,0.50,0.25,1,144,4368-2
9487-8,1.00,0.50,1000,24,
7316-1,1.00,0.50,1,144,
1732-3,0.50,0.25,17,104,
1732-1,0.50,0.50,678,66,
9487-1,1.00,0.50,1000,70,
9487-3,1.00,2.00,1000,90,9487-1,9487-2
9487-2,1.00,2.00,5,114,
9487-4,1.00,0.50,1,144,
2227-1,0.50,0.50,225,59,
2227-2,0.50,0.25,1,144,2227-1
9487-6,1.00,1.00,1000,63,9487-3,9487-5
5788-1,1.00,1.00,1,144,
5788-3,1.00,0.50,83,54,
5788-2,1.00,1.00,384,82,
5788-5,1.00,1.00,468,106,5788-4
5788-7,1.00,0.50,470,50,5788-6
5788-6,1.00,0.50,467,101,5788-1,5788-5
1519-1,0.50,0.25,9,100,
1519-2,0.50,0.25,1,144,1519-1
162-9,0.40,0.20,193,113,162-8
162-8,0.40,0.20,518,99,162-2,162-3,162-7
162-3,0.50,0.25,399,122,162-5
162-2,0.50,0.50,1,144,162-1
162-1,0.50,1.00,8,117,
162-7,0.50,1.00,83,126,162-5,162-6
162-6,0.50,0.25,1,144,
162-5,0.50,0.50,1,144,162-4
162-4,0.50,0.25,1,144,
114-2,0.50,1.00,3,95,114-1
5296-2,0.50,1.00,1,144,5296-1
8779-2,0.50,0.25,117,56,
8779-3,0.50,0.25,244,55,
8779-1,0.50,0.25,554,20,
9229-6,0.50,0.25,566,89,9229-5
9229-3,0.50,0.50,165,112,
9229-2,0.50,0.50,4,114,
9229-1,0.50,0.50,1,144,
5649-5,0.50,0.25,1,144,5649-4
5649-4,0.50,0.50,82,128,5649-2,5649-3
5649-7,0.50,0.25,1,144,5649-6
5649-6,0.50,0.25,10,112,
5649-1,0.50,1.00,93,93,
5649-3,0.50,0.25,213,79,
5649-2,0.50,1.00,94,108,5649-1,5649-6
5649-9,0.50,0.50,38,116,5649-7,5649-8
5649-8,0.50,0.50,162,78,
1526-2,0.50,0.25,1,144,1526-1
1526-1,0.50,0.25,135,57,
2648-1,0.40,0.20,30,118,
9255-4,0.50,0.25,203,99,9255-2,9255-3
9255-5,0.50,1.00,19,110,9255-1,9255-4
9255-2,0.50,0.25,138,92,
9255-3,0.50,1.00,62,120,
9255-1,0.50,0.25,508,104,
5174-1,0.50,0.25,735,82,
6647-6,1.00,0.50,3,144,6647-4,6647-5
6647-5,1.00,2.00,1,144,
6647-9,1.00,0.50,1,144,
4464-3,0.50,0.25,1,144,4464-2
4464-2,0.50,0.50,1,144,4464-1
4464-1,0.50,0.25,706,52,
344-9,0.50,0.25,65,93,344-2,344-8,344-14
344-8,0.50,0.25,252,85,
344-1,0.50,1.00,13,124,
344-3,0.50,0.25,35,134,
344-5,0.50,0.50,1,144,344-4
344-4,0.50,0.25,461,92,
344-7,0.50,0.25,46,134,
344-6,0.50,0.25,49,109,344-3,344-5,344-13
8115-10,0.50,0.50,1,144,8115-9
8115-11,0.50,0.50,1000,20,
8115-12,0.50,0.25,1,144,8115-11
8115-13,0.50,0.50,1000,20,
8115-14,0.50,0.25,1,144,8115-13
8115-15,0.50,1.00,1000,2,
8115-16,0.50,0.25,1,144,8115-15
2831-4,0.50,1.00,639,88,2831-2,2831-3
2831-3,0.50,0.25,379,120,
2831-2,0.50,0.50,3,138,2831-1
2831-1,0.50,0.25,3,139,
5706-3,0.50,0.50,4,131,
5706-2,0.50,0.25,1,144,5706-5
5706-1,0.50,0.50,1,144,
5706-7,0.50,0.25,1,144,
5706-6,0.50,0.25,13,144,5706-5
5706-5,0.50,0.50,47,99,5706-1,5706-3,5706-4,5706-9,5706-11
5706-4,0.50,0.25,2,130,
5706-9,0.50,0.25,1,144,
5706-8,0.50,0.25,23,46,5706-11
9413-1,0.50,0.50,79,119,
9422-1,0.50,0.25,1000,88,
8931-10,1.00,2.00,1,144,8931-9
2443-1,0.40,0.20,93,106,
2443-4,0.40,0.20,500,77,2443-3
2443-5,0.50,1.00,1,144,
2443-6,0.40,0.80,1,144,2443-2,2443-4,2443-5
1762-10,0.50,0.50,35,112,1762-4,1762-8,1762-9
3335-9,1.00,0.50,1000,115,3335-7,3335-8
4669-4,0.50,0.25,1,144,4669-3
4669-1,0.50,1.00,1,144,
4669-2,0.50,0.25,44,55,4669-1
4669-3,0.50,0.25,1,144,4669-2
2273-3,0.50,0.50,15,96,
2273-2,0.50,0.50,6,125,
2273-1,0.50,0.25,568,86,
5707-2,0.50,0.50,1000,12,
5707-3,0.50,0.25,151,101,5707-1,5707-2
5707-1,0.50,0.50,8,106,
114-1,0.50,1.00,1,144,
556-18,0.50,0.25,1,144,556-17
556-19,0.50,0.25,1,144,556-3
556-14,0.50,0.25,1,144,556-13
556-15,0.50,0.25,1,144,556-3
556-16,0.50,0.25,1,144,556-15
556-17,0.50,0.25,1,144,556-3
556-10,0.50,0.25,1,144,556-9
556-11,0.50,0.25,1,144,556-3
556-12,0.50,0.25,1,144,556-11
556-13,0.50,0.25,1,144,556-3
1990-10,0.50,0.25,41,113,1990-4,1990-8,1990-9
6241-2,0.50,0.50,1,144,6241-1
3403-3,1.00,0.50,216,102,
3403-2,1.00,0.50,6,96,3403-1
3403-1,1.00,2.00,15,139,
3403-5,1.00,0.50,227,43,3403-2,3403-4
3403-4,1.00,1.00,219,76,3403-3
2539-1,0.75,0.38,775,121,
6973-4,0.50,0.50,1,144,6973-3
6973-1,0.50,0.50,225,58,
6973-2,0.50,0.25,117,111,6973-1
6973-3,0.50,0.25,1,144,6973-2
6047-10,0.50,0.25,1,144,6047-1,6047-2,6047-5,6047-9
1518-1,0.50,0.25,48,60,
1518-2,0.50,0.25,1,144,1518-1
1553-3,0.50,0.25,9,104,
1553-2,0.50,0.25,32,95,
1553-1,0.50,0.25,692,72,
9260-4,0.50,0.25,199,112,9260-2,9260-3
9260-5,0.50,0.50,9,131,9260-1,9260-4
9260-2,0.50,1.00,138,94,
3597-1,1.00,0.50,1000,88,
3597-3,1.00,0.50,1,144,
3597-2,1.00,0.50,1000,71,3597-1
3597-5,1.00,0.50,1,144,
3597-4,1.00,0.50,1,144,3597-3
3597-7,1.00,1.00,3,96,3597-4,3597-6
3597-6,1.00,0.50,1,144,3597-5
3597-9,1.00,0.50,1000,98,3597-8
1336-1,0.50,0.50,670,67,
8446-3,0.50,0.25,4,116,
9455-1,0.50,1.00,505,84,
9859-1,0.50,0.25,145,62,
5692-5,0.50,1.00,1,144,5692-4
5692-4,0.50,0.25,1,144,5692-1,5692-3
5692-1,0.50,0.25,1,144,
5692-3,0.50,1.00,529,57,5692-2
5692-2,0.50,0.50,1,144,
9974-8,0.50,0.25,266,46,9974-2,9974-7
5773-3,0.50,1.00,1,144,5773-2
5773-2,0.50,0.50,1,144,
5773-1,0.50,0.50,344,20,
5773-5,0.50,0.25,1,144,5773-4
5773-4,0.50,0.25,1,144,5773-1,5773-3
4744-2,0.50,0.50,1,144,4744-1
4744-3,0.50,0.50,1,144,4744-2
4744-1,0.50,1.00,1000,90,
3070-4,0.75,1.50,1,144,3070-3
3070-1,0.75,0.38,139,91,
3070-2,0.75,0.75,183,107,3070-1
9412-3,0.50,0.50,270,98,9412-2
9412-2,0.50,0.25,272,116,9412-1
9412-1,0.50,0.25,170,82,
9412-4,0.50,0.25,276,67,9412-3
2777-2,0.75,0.38,3,136,2777-1
2777-3,0.65,0.33,484,113,
2777-1,0.60,1.20,3,126,
2777-4,0.65,0.33,742,77,2777-2,2777-3
9662-1,0.50,0.25,931,54,
5179-3,0.50,0.25,1,144,5179-2
5179-2,0.50,0.50,1,144,5179-1
5179-1,0.50,0.50,508,28,
5179-4,0.50,0.25,1,144,5179-3
9786-2,0.50,1.00,5,104,9786-1
9786-1,0.50,0.25,88,81,
777-3,0.50,0.25,27,50,777-1,777-2
4349-6,0.50,0.25,1,144,4349-5
4349-5,0.50,0.50,314,98,4349-1,4349-2,4349-4
4349-4,0.50,0.50,1,144,4349-3
4349-3,0.50,0.25,1,144,
4349-2,0.50,0.25,195,87,
4349-1,0.50,0.50,77,124,
7498-2,0.50,0.50,1,144,7498-1
7498-1,0.50,0.50,21,91,
2722-8,0.75,0.38,381,43,2722-3,2722-7
9316-1,0.50,0.25,1,144,
9316-2,0.50,0.50,2,132,
9316-3,0.50,0.25,1,144,9316-2
9316-4,0.50,0.50,525,76,
9316-5,0.50,1.00,428,111,9316-4
9316-6,0.50,0.25,52,127,9316-5
9316-7,0.50,0.50,1,144,9316-1,9316-3,9316-6
6808-5,1.00,0.50,305,110,6808-2,6808-4
6808-4,1.00,1.00,231,104,6808-3
5611-6,1.00,0.50,13,113,5611-1
5611-7,1.00,0.50,13,144,5611-6
5611-4,1.00,0.50,17,60,5611-3,5611-6
5611-5,1.00,1.00,17,126,5611-4
5611-2,1.00,1.00,1,144,
5611-3,1.00,0.50,3,96,5611-1,5611-2
5611-1,1.00,0.50,1,144,
5611-8,1.00,0.50,1,144,
5611-9,1.00,1.00,1,144,5611-8
6808-9,1.00,0.50,1,144,
6808-8,1.00,1.00,1,144,
4529-4,0.50,1.00,1,144,4529-3
4529-3,0.50,0.50,151,88,4529-1,4529-2
4529-2,0.50,0.25,164,109,
4529-1,0.50,0.25,102,112,
8459-12,1.00,0.50,20,69,
9525-3,1.00,0.50,139,52,9525-1,9525-2
6076-1,0.50,0.50,1,144,
6076-2,0.50,1.00,10,131,
6076-3,0.50,0.25,622,109,
6076-4,0.50,0.25,3,139,6076-3
6076-5,0.50,1.00,29,111,6076-1,6076-2,6076-4
6076-6,0.50,0.25,1,144,6076-5
4330-3,0.50,0.50,1,144,4330-2
4330-2,0.50,0.25,1,144,4330-1
4330-1,0.50,0.25,696,54,
9329-2,0.50,1.00,1,144,9329-1
9329-1,0.50,0.25,356,113,
9202-2,0.50,0.25,1,144,
9202-3,0.50,0.25,97,101,9202-1,9202-2
9202-1,0.50,0.50,369,48,
9202-6,0.50,0.25,2,144,
9202-7,0.50,0.25,1,144,9202-6
9202-4,0.50,0.25,1,144,
6533-62,1.00,0.50,1000,58,
6533-61,1.00,2.00,21,68,
6533-66,1.00,0.50,1000,108,6533-53,6533-65
6533-65,1.00,0.50,1000,97,6533-54,6533-56,6533-57,6533-58,6533-60,6533-64
6533-64,1.00,2.00,1000,112,6533-61,6533-62,6533-63
6533-69,1.00,0.50,1000,67,6533-23,6533-26,6533-27,6533-68
6533-68,1.00,1.00,1000,117,6533-29,6533-30,6533-35,6533-40,6533-43,6533-44,6533-45,6533-67
1344-1,0.50,0.50,625,58,
1344-3,0.50,0.50,7,111,
1344-2,0.50,0.25,24,127,
6410-4,1.00,0.50,551,77,6410-1,6410-3
6410-5,1.00,0.50,553,32,6410-4
6410-1,1.00,1.00,1,144,6410-2
6410-2,1.00,0.50,2,130,
6410-3,1.00,0.50,3,144,6410-2
9487-10,1.00,0.50,3,96,9487-7,9487-9
3317-7,0.40,0.20,11,132,3317-2,3317-6
3317-6,0.50,0.50,9,127,3317-5
3317-5,0.50,0.25,86,103,3317-1,3317-3,3317-4
3317-4,0.50,0.50,49,129,
3317-1,0.50,1.00,21,129,
427-9,0.50,0.25,27,116,427-3,427-8
427-8,0.50,0.25,51,104,427-4,427-7
427-3,0.50,0.25,5,136,427-2
427-2,0.50,0.25,38,98,
427-1,0.50,0.25,1,144,
427-7,0.50,1.00,243,106,427-5,427-6
427-6,0.50,0.25,468,82,
427-5,0.50,0.25,1000,10,
427-4,0.50,0.50,23,119,
542-9,1.00,0.50,1000,57,542-8
542-8,1.00,2.00,1000,50,542-2
542-1,1.00,0.50,1,144,
542-3,1.00,1.00,1000,5,542-2
542-2,1.00,0.50,428,51,542-1
542-5,1.00,0.50,1000,58,542-4
542-4,1.00,0.50,1000,70,542-2
542-7,1.00,0.50,1000,44,542-6
542-6,1.00,0.50,1000,52,542-2
4812-1,0.50,0.25,426,102,
4812-2,0.50,0.25,95,30,
7544-1,0.50,0.50,7,132,
7544-3,0.50,0.50,510,105,
7544-2,0.50,0.25,9,128,7544-1
7544-4,0.50,0.50,492,104,7544-2,7544-3
151-7,0.50,1.00,66,128,151-5,151-6
4469-2,0.50,0.25,1,144,4469-1
4469-1,0.50,0.25,718,101,
6857-9,0.50,0.50,1,144,6857-8
6857-3,0.50,0.50,158,90,
6857-2,0.50,0.25,1,144,
6857-7,0.50,0.50,1,144,6857-6
6857-6,0.50,0.25,16,100,
6857-5,0.50,0.50,137,97,6857-4
6857-4,0.50,0.25,256,108,6857-2,6857-3
3597-8,1.00,2.00,1000,56,
24-1,0.50,0.25,1,144,
9142-8,0.50,0.25,2,133,9142-1,9142-7
24-2,0.50,0.50,964,118,24-1
4958-3,0.50,0.25,1,144,4958-2
4958-2,0.50,0.50,1,144,4958-1
4958-1,0.50,1.00,495,35,
9142-7,0.50,0.25,1,144,9142-4,9142-6
3298-1,0.50,0.25,531,99,
3298-3,0.50,0.25,546,106,
3298-2,0.50,0.50,545,104,
3298-4,0.50,1.00,542,104,
4166-1,0.50,0.25,36,57,
4166-2,0.50,0.25,1,144,4166-1
4166-3,0.50,0.50,1,144,4166-2
8362-2,0.50,0.50,1,144,8362-1
8362-1,0.50,0.50,965,66,
1943-1,0.50,0.50,690,75,
9004-4,0.50,0.25,47,106,
9004-5,0.50,0.25,595,58,9004-1,9004-2,9004-3,9004-4
9004-2,0.50,1.00,84,93,
9004-1,0.50,0.50,39,85,
170-2,0.50,0.25,37,94,
170-3,0.70,0.35,438,79,170-1,170-2
170-1,0.65,0.65,814,100,
8525-4,0.50,0.25,1,144,8525-3
8525-3,0.50,0.50,549,125,8525-1,8525-2
8525-2,0.50,1.00,1,144,
8525-1,0.50,0.50,830,104,
1709-1,0.50,0.50,24,80,
1709-2,0.50,1.00,1,144,1709-1
6738-9,1.00,1.00,1,144,6738-8
6738-8,1.00,0.50,1,144,6738-7
6738-7,1.00,1.00,1,144,
6738-6,1.00,0.50,53,120,6738-5
6738-1,1.00,1.00,1,144,
1391-2,0.50,1.00,1,144,1391-1
1391-1,0.50,1.00,46,77,
9596-10,0.50,0.25,75,92,9596-8,9596-9
9596-11,0.50,0.25,129,104,9596-4,9596-7,9596-10
2819-1,0.50,0.50,865,61,
8085-12,0.50,0.50,1,144,8085-11
8085-11,0.50,0.50,1000,22,
8085-16,0.50,0.25,1,144,8085-15
9455-2,0.50,0.25,67,126,9455-1
8085-15,0.50,0.25,1000,3,
3981-4,1.00,0.50,15,115,3981-1
3981-5,1.00,2.00,1,144,
3981-6,1.00,1.00,15,134,3981-1
3981-7,1.00,0.50,31,64,3981-4,3981-5,3981-6
3981-1,1.00,0.50,14,124,
3981-2,1.00,2.00,5,115,3981-1
3981-3,1.00,2.00,15,112,3981-2
3981-8,1.00,1.00,31,129,3981-7
3981-9,1.00,1.00,63,50,3981-7,3981-8
9859-2,0.50,0.25,5,128,9859-1
9487-5,1.00,1.00,1,144,9487-4
9487-7,1.00,0.50,1,144,9487-6
3532-4,0.50,0.25,1,144,3532-3
3532-5,0.50,1.00,1,144,3532-4
3532-2,0.40,0.20,88,68,
3532-3,0.40,0.20,129,108,3532-1,3532-2
3532-1,0.50,0.25,77,110,
5177-1,0.50,0.50,543,33,
5177-3,0.50,0.25,1,144,5177-2
5177-2,0.50,0.50,1,144,5177-1
3459-4,0.50,0.50,1,144,3459-3
3459-5,0.50,0.25,1,144,3459-4
3459-2,0.75,0.38,217,72,
3459-3,0.50,0.25,676,100,3459-1,3459-2
3459-1,0.50,0.25,1,144,
9250-3,0.50,0.50,62,109,
6676-2,0.50,0.50,1000,47,6676-1
6676-3,0.50,0.50,1,144,6676-2
6676-1,0.50,0.25,1,144,
9748-1,0.50,0.25,1,144,
9748-3,0.50,0.25,37,122,9748-2
9748-2,0.50,0.50,99,99,9748-1
5856-1,0.50,0.25,1000,59,
8611-1,0.50,0.25,1000,95,
8843-15,0.50,0.25,16,138,8843-13,8843-14
7960-3,0.50,0.25,593,100,7960-1,7960-2
7960-2,0.50,0.25,1000,80,
7960-1,0.50,1.00,93,119,
7960-7,0.50,0.50,196,106,7960-5,7960-6
7960-6,0.50,0.50,1,144,
1359-2,0.50,0.25,1,144,1359-1
6530-15,0.50,0.25,3,116,6530-1,6530-14
6530-14,0.50,0.25,191,97,6530-2,6530-3,6530-13
6530-13,0.50,0.25,239,100,6530-4,6530-5,6530-6,6530-7,6530-8,6530-12
6530-12,0.50,0.25,215,104,6530-9,6530-10,6530-11
6530-11,0.50,0.25,2,138,
6530-10,0.50,0.50,105,89,
7921-1,0.50,0.50,79,124,
4100-10,1.00,2.00,1000,90,4100-2,4100-5,4100-6,4100-9
4100-11,1.00,0.50,1,144,4100-10
8530-1,0.50,0.25,1,144,
2757-10,0.50,0.25,336,113,2757-3,2757-9
2757-11,0.50,0.25,53,96,2757-1,2757-10
2082-3,0.50,0.25,30,105,
947-3,0.50,0.25,489,45,
5647-7,0.50,0.25,63,35,5647-6
5647-6,0.50,0.25,24,130,5647-3,5647-5
5647-5,0.50,0.25,17,108,5647-4
5647-4,0.50,0.25,61,66,
5647-3,0.50,1.00,3,144,5647-2
5647-2,0.50,0.50,2,133,5647-1
5647-1,0.50,0.25,11,98,
7098-7,0.50,0.25,13,74,7098-6
7098-6,0.50,0.50,1000,110,7098-1,7098-5
7098-5,0.50,0.25,103,111,7098-3,7098-4
7098-4,0.50,0.25,38,56,
7098-3,0.50,0.25,755,112,7098-2
7098-2,0.50,0.50,1000,44,
7098-1,0.50,0.25,1000,43,
7545-4,0.50,0.25,507,110,7545-2,7545-3
7545-1,0.50,0.50,6,138,
7545-2,0.50,0.25,9,121,7545-1
7545-3,0.50,0.50,492,97,
6647-8,1.00,1.00,5,86,6647-3,6647-6,6647-7
6723-1,0.50,0.25,1000,6,
6723-3,0.50,0.25,51,121,6723-1,6723-2
6723-2,0.50,0.50,24,80,
8843-6,0.50,0.25,3,95,
8843-7,0.50,0.25,3,136,
8843-4,0.50,0.25,1,144,8843-3
8843-2,0.50,1.00,3,96,
8843-3,0.50,0.25,1,144,
8843-1,0.50,0.25,3,96,
8843-8,0.50,0.25,5,128,
8843-9,0.50,0.25,5,92,
1990-8,0.50,1.00,1,144,1990-5,1990-6,1990-7
3974-4,1.00,0.50,1,144,3974-3
3974-5,1.00,1.00,1000,18,3974-1,3974-2,3974-4
3974-1,1.00,0.50,10,121,
3974-2,1.00,1.00,1000,75,
3974-3,1.00,0.50,1,144,
8447-14,0.50,1.00,7,115,8447-13
8447-15,0.50,0.25,19,103,8447-2,8447-8,8447-14
8447-10,0.50,0.25,43,114,8447-9
8447-11,0.50,0.25,2,122,
8447-12,0.50,0.25,3,113,8447-11
8447-13,0.50,1.00,59,85,8447-10,8447-12
6696-1,0.50,1.00,1,144,
6696-2,0.50,0.25,1000,55,6696-1
6696-3,0.50,0.50,1,144,6696-2
7102-1,0.50,0.50,1,144,7102-4
7485-3,1.00,0.50,764,73,7485-1,7485-2
4860-3,0.50,0.50,1,144,4860-2
5950-1,0.50,0.50,1000,110,
9974-5,0.50,0.25,3,95,9974-3,9974-4
8931-8,1.00,0.50,326,62,8931-6,8931-7
8931-9,1.00,1.00,326,111,8931-8
8931-4,1.00,0.50,1,144,
8931-5,1.00,1.00,1,144,8931-4
8931-6,1.00,0.50,3,127,8931-2,8931-3,8931-5
8931-7,1.00,1.00,319,90,
8931-1,1.00,1.00,1,144,
8931-2,1.00,0.50,1,144,8931-1
8931-3,1.00,0.50,1,144,
9974-1,0.50,0.50,94,84,
9712-3,1.00,0.50,1,144,9712-2
2249-1,0.50,0.25,136,68,
2249-2,0.50,0.25,1,144,2249-1
8106-4,0.50,0.25,1,144,8106-3
8106-2,0.50,1.00,383,6,8106-1
8106-3,0.50,0.25,1,144,8106-2
8106-1,0.50,0.25,1000,51,
1097-2,0.50,0.50,1,144,1097-1
1097-1,0.50,0.25,23,96,
631-1,0.50,0.25,911,112,
631-2,0.50,0.25,26,117,
631-3,0.50,0.50,910,108,631-1,631-2
8581-5,1.00,1.00,55,68,8581-3,8581-4
8581-4,1.00,1.00,8,108,
8581-1,1.00,1.00,32,108,
8581-3,1.00,0.50,47,132,8581-1,8581-2
8581-2,1.00,0.50,15,50,
3070-5,0.75,0.75,241,86,3070-2,3070-4
1510-1,0.50,0.25,24,75,
1510-2,0.50,0.25,1,144,1510-1
9974-6,0.50,0.25,1,144,
9974-7,0.50,1.00,49,115,9974-5,9974-6
9974-4,0.50,0.25,1,144,
3537-5,0.50,0.25,135,92,3537-2,3537-4
3537-4,0.50,0.25,20,139,
3537-3,0.70,1.40,412,102,3537-1,3537-2
3537-2,0.60,1.20,394,91,
3537-1,0.50,1.00,30,131,
9974-3,0.50,0.50,1,144,
7503-3,1.00,0.50,769,73,7503-1,7503-2
7503-4,1.00,2.00,769,26,7503-3
1957-3,0.50,0.50,23,99,
1957-2,0.50,0.25,33,91,
1957-1,0.50,0.25,691,72,
9974-2,0.50,0.50,167,127,9974-1
4462-1,0.50,1.00,706,53,
4462-3,0.50,0.50,1,144,4462-2
4462-2,0.50,0.50,1,144,4462-1
8162-1,0.50,0.25,1000,38,
8162-2,0.50,1.00,165,106,8162-1
8162-3,0.50,0.50,1,144,8162-2
8162-4,0.50,1.00,1,144,8162-3
8308-1,0.50,1.00,614,87,
3851-2,0.50,0.25,7,132,
3851-3,0.50,0.50,203,66,3851-1,3851-2
3851-1,0.50,0.50,791,58,
3851-4,0.50,1.00,1,144,3851-3
5611-21,1.00,1.00,15,86,5611-18,5611-19,5611-20
5611-20,1.00,1.00,3,113,
5611-23,1.00,2.00,1000,85,5611-14,5611-22
5611-22,1.00,2.00,1000,92,5611-17,5611-21
5611-25,1.00,2.00,1,144,
5611-24,1.00,0.50,3,59,5611-27
5611-27,1.00,1.00,3,144,5611-25,5611-26
5611-26,1.00,2.00,1,144,
5611-29,1.00,0.50,1000,52,5611-23,5611-24,5611-28
5611-28,1.00,0.50,3,56,5611-27
4771-2,0.50,0.25,47,56,4771-1
4771-3,0.50,0.25,1,144,4771-2
4771-1,0.50,0.50,1,144,
4771-4,0.50,0.25,1,144,4771-3
6890-3,0.50,0.25,217,79,6890-1,6890-2
9521-1,0.50,0.25,324,94,
9429-5,1.00,2.00,121,100,
9429-7,1.00,1.00,6,133,
9429-6,1.00,1.00,177,73,
9429-1,1.00,1.00,84,81,
9429-3,1.00,0.50,51,114,
9429-2,1.00,0.50,178,75,
9429-9,1.00,0.50,3,138,
9429-8,1.00,0.50,6,129,
1608-1,0.50,0.25,686,64,
1608-2,0.50,0.25,31,100,
1608-3,0.50,0.50,11,100,
114-4,0.50,0.25,320,108,114-2,114-3
8287-1,0.50,0.50,1000,40,
8287-2,0.50,0.25,21,127,8287-1
8287-3,0.50,1.00,1,144,8287-2
2699-7,0.65,0.33,287,117,2699-5,2699-6
2699-6,0.75,0.38,700,90,
2699-5,0.50,0.25,11,126,2699-4
2699-4,0.50,0.25,36,108,
2699-3,0.50,0.25,9,127,2699-1,2699-2
2699-2,0.75,0.38,146,71,
2699-1,0.50,0.25,1,144,
2699-8,0.75,0.75,372,56,2699-3,2699-7
1756-1,0.50,1.00,622,74,
1756-2,0.50,0.25,31,93,
1756-3,0.50,0.25,16,108,
6274-8,1.00,1.00,52,121,
6274-4,1.00,0.50,4,84,
6274-5,1.00,0.50,2,136,
6274-6,1.00,0.50,5,115,
6274-7,1.00,0.50,4,85,
6274-1,1.00,0.50,52,100,
6274-2,1.00,0.50,2,132,
6274-3,1.00,0.50,3,144,6274-2
6274-14,1.00,0.50,429,115,6274-1,6274-13
3517-1,0.50,0.25,80,117,
3517-3,0.50,0.25,127,104,3517-1,3517-2
3517-2,0.40,0.20,23,64,
3517-5,0.40,0.20,1,144,3517-4
3517-4,0.40,0.20,1,144,3517-3
9307-6,0.50,0.25,1,144,
8224-15,0.50,0.25,1000,3,
2153-1,0.50,0.25,48,90,
9307-1,0.50,0.50,17,85,
1769-2,0.50,1.00,1,144,1769-1
1769-1,0.50,0.50,47,42,
114-3,0.50,0.25,320,74,
6533-38,1.00,0.50,508,80,
6533-39,1.00,2.00,511,63,6533-36,6533-37,6533-38
6533-34,1.00,0.50,29,74,6533-31,6533-32,6533-33
6533-35,1.00,1.00,29,108,6533-34
6533-36,1.00,0.50,1,144,
6533-37,1.00,0.50,1,144,
6533-30,1.00,1.00,1,144,
6533-31,1.00,0.50,1,144,
6533-32,1.00,0.50,1,144,
6533-33,1.00,1.00,26,116,
6530-7,0.50,0.50,2,137,
6530-6,0.50,1.00,1,144,
6530-5,0.50,0.50,1,144,
6530-4,0.50,0.50,61,116,
6530-3,0.50,1.00,2,135,
6530-2,0.50,0.25,93,83,
6530-1,0.50,0.25,2,123,
6530-9,0.50,0.50,5,134,
6530-8,0.50,0.50,91,109,
1252-1,0.50,0.50,48,94,
1252-2,0.50,0.25,1,144,1252-1
3714-1,0.50,0.25,1,144,
3714-2,0.50,0.50,17,111,
3714-3,0.50,1.00,14,88,
3714-4,0.50,1.00,57,123,3714-2,3714-3
3714-5,0.50,0.25,1000,72,
3714-6,0.50,0.25,354,85,
3714-7,0.50,0.50,497,106,3714-5,3714-6
3714-8,0.50,0.25,39,116,3714-7
3714-9,0.50,0.25,79,123,3714-4,3714-8
8891-5,0.75,0.75,22,108,
8891-4,0.65,0.33,287,95,
8891-3,0.70,0.70,63,118,8891-2
8891-2,0.60,0.30,283,101,8891-1,8891-5
8891-1,0.75,0.38,184,116,
3836-10,1.00,1.00,1,144,3836-9
6918-9,0.50,0.50,11,121,6918-2,6918-8
6918-8,0.50,0.25,1,144,6918-7
6918-1,0.50,1.00,27,120,
6918-3,0.50,0.50,1,144,
6918-6,0.50,0.25,17,121,6918-4,6918-5
1732-2,0.50,0.50,31,87,
3329-12,1.00,0.50,36,114,3329-10,3329-11
3329-13,1.00,0.50,401,67,3329-2,3329-4,3329-12
3329-10,1.00,0.50,35,120,3329-5,3329-7,3329-9
3329-11,1.00,0.50,1,144,
9117-2,0.50,0.50,165,90,
9117-1,0.50,0.25,370,63,
8113-2,0.50,1.00,20,118,8113-1
8113-3,0.50,0.25,1,144,8113-2
9596-6,0.50,0.25,1,144,
9596-7,0.50,0.50,77,124,9596-2,9596-5,9596-6
9596-4,0.50,0.50,75,96,9596-1,9596-3,9596-8
9596-5,0.50,0.50,1,144,
9596-2,0.50,0.25,1,144,
9596-3,0.50,0.25,1,144,
9596-1,0.50,0.25,1,144,
9596-8,0.50,0.50,54,129,
9596-9,0.50,0.25,15,122,
7362-2,0.50,0.50,1,144,7362-1
7362-1,0.50,0.25,4,108,
8684-7,0.50,1.00,3,96,8684-1,8684-2,8684-4,8684-6
8684-6,0.50,0.25,1,144,8684-5
8684-5,0.50,1.00,2,124,
8684-4,0.50,0.50,3,111,8684-3
8684-3,0.50,0.50,321,92,
8684-2,0.50,0.25,1,144,
8684-1,0.50,0.25,1,144,
6241-1,0.50,1.00,1,144,
1545-2,0.50,0.25,1,144,1545-1
1545-1,0.50,0.25,105,68,
9274-10,0.50,0.25,664,105,9274-1,9274-9
8459-4,1.00,2.00,19,102,
8459-3,1.00,2.00,19,90,8459-4
8459-1,1.00,0.50,7,102,8459-4
2819-3,0.55,0.28,293,111,2819-2
2819-2,0.70,0.70,242,60,
2819-5,0.50,0.25,321,40,2819-3,2819-4
2819-4,0.50,0.50,78,129,
2819-6,0.50,0.25,433,106,2819-1,2819-5
8004-9,0.50,1.00,257,100,8004-3,8004-8
9422-2,0.50,0.25,552,17,9422-1
9422-3,0.50,0.25,1,144,9422-2
4075-8,0.50,0.50,45,114,4075-1,4075-7
4075-5,0.50,0.25,1,144,4075-2,4075-4
4075-4,0.50,1.00,1,144,4075-3
4075-7,0.50,0.25,141,104,4075-2,4075-6
4075-6,0.50,0.25,100,99,4075-2,4075-5
4075-1,0.50,0.25,32,120,
4075-3,0.50,0.25,1,144,
4075-2,0.50,1.00,199,89,
1971-2,0.50,0.25,1,144,1971-1
1971-1,0.50,0.25,23,22,
6065-1,0.50,0.25,72,97,
6065-2,0.50,0.25,23,99,
6065-3,0.50,0.25,3,120,6065-2
6065-4,0.50,1.00,275,115,6065-1,6065-3
6065-5,0.50,0.25,2,136,
6065-6,0.50,0.25,279,96,6065-4,6065-5
2135-2,0.50,0.50,1,144,2135-1
2135-1,0.50,0.25,164,53,
4041-10,1.00,0.50,1000,42,4041-2,4041-5,4041-6,4041-9
4041-11,1.00,0.50,1,144,4041-10
4183-2,0.50,0.25,1,144,4183-1
4183-1,0.50,0.50,1000,31,
344-11,0.50,0.25,1,144,344-10
344-10,0.50,1.00,13,120,344-1,344-9,344-14
344-13,0.50,0.25,1,144,344-4
344-12,0.50,0.25,1,144,344-11
344-15,0.50,0.25,13,144,344-14
344-14,0.50,0.25,53,92,344-6,344-7
344-17,0.50,1.00,1,144,344-16
344-16,0.50,0.25,1,144,344-15
344-19,0.50,0.25,1,144,344-18
344-18,0.50,0.25,13,144,344-14
2721-7,0.70,0.35,289,121,2721-5,2721-6
2721-6,0.75,0.38,650,93,
2721-5,0.40,0.40,11,128,2721-4
2721-4,0.50,0.25,37,104,
2721-3,0.50,0.25,11,115,2721-1,2721-2
2721-2,0.75,0.75,157,79,
2721-1,0.50,0.25,1,144,
2721-8,0.75,0.38,381,56,2721-3,2721-7
4404-1,0.50,0.50,705,43,
4404-3,0.50,0.25,1,144,4404-2
4404-2,0.50,0.50,1,144,4404-1
9097-1,0.50,0.25,375,112,
140-3,0.50,0.25,1,144,
140-2,0.50,0.50,55,114,
140-4,0.50,0.25,589,79,140-1,140-2,140-3
9591-6,0.50,0.25,75,119,9591-3,9591-4,9591-5
6572-5,1.00,0.50,746,94,6572-2,6572-4,6572-6
6572-4,1.00,2.00,61,144,6572-3
6572-7,1.00,1.00,1000,95,6572-5,6572-6
6572-6,1.00,0.50,314,68,
6572-1,1.00,0.50,1000,37,
6572-3,1.00,1.00,60,79,
6572-2,1.00,0.50,371,55,6572-1
9834-4,0.50,0.50,1,144,9834-3
9834-1,0.50,0.50,1,144,
2171-2,0.50,0.25,29,102,
2171-3,0.50,1.00,32,106,
2171-1,0.50,0.25,674,70,
1145-8,0.50,0.25,1,144,1145-5,1145-6,1145-7
1145-2,0.50,0.50,2,125,
1145-3,0.50,1.00,106,112,
1145-1,0.50,1.00,1,144,
1145-6,0.50,0.25,5,129,
1145-7,0.50,0.25,385,76,
1573-1,0.50,0.50,136,138,
4187-3,0.50,0.50,1,144,4187-2
4187-2,0.50,1.00,1,144,4187-1
4187-1,0.50,0.25,1000,29,
1573-2,0.50,0.25,1,144,1573-1
6738-10,1.00,2.00,55,128,6738-2,6738-6,6738-9
1878-2,0.50,0.50,1,144,1878-1
1878-1,0.50,0.25,20,91,
6173-5,0.50,0.25,7,75,6173-4
6173-3,0.50,0.25,249,97,6173-1,6173-2
730-4,0.50,0.25,263,92,730-3
730-5,0.50,0.50,3,126,730-2,730-4
730-6,0.50,0.25,1,144,
730-7,0.50,0.25,3,139,730-5,730-6
730-1,0.50,0.50,1,144,
730-2,0.50,0.25,1,144,730-1
730-3,0.50,0.50,302,110,
3329-8,1.00,2.00,8,106,
3329-9,1.00,0.50,9,64,3329-8
3329-1,1.00,0.50,434,64,
3329-2,1.00,1.00,145,130,3329-1
3329-3,1.00,0.50,218,78,
3329-4,1.00,2.00,218,92,3329-3
3329-5,1.00,0.50,9,72,3329-8
3329-6,1.00,2.00,9,112,3329-8
3329-7,1.00,2.00,17,76,3329-6,3329-8
2818-1,0.50,0.50,1,144,
2818-2,0.75,0.38,246,63,2818-1
2818-3,0.50,0.25,370,72,2818-2
8170-4,0.50,0.25,243,103,8170-1,8170-3
8170-1,0.50,0.25,1,144,
8170-3,0.50,0.25,3,136,8170-2
8170-2,0.50,0.25,1,144,
6533-63,1.00,2.00,1000,58,
6533-67,1.00,1.00,1000,95,6533-47,6533-51,6533-66
1061-3,0.50,0.25,3,111,
3431-1,0.75,1.50,1000,58,
3431-2,0.50,0.50,1000,115,3431-1
3431-3,0.40,0.20,4,111,3431-2
3431-4,0.50,0.25,4,137,3431-3
40-6,0.50,0.25,612,24,40-2,40-4,40-5
40-5,0.50,0.25,289,116,
40-4,0.50,0.50,462,105,
40-3,0.50,0.25,449,108,40-1,40-2
40-2,0.50,0.25,1000,59,
40-1,0.50,0.25,138,67,
636-2,0.50,0.50,4,137,
636-1,0.50,0.50,493,109,
7526-1,0.50,0.50,27,75,
7526-2,0.50,0.25,1,144,7526-1
9466-2,0.50,0.25,11,119,9466-1
9466-1,0.50,0.25,508,92,
7485-4,1.00,0.50,763,26,7485-3
7485-2,1.00,0.50,763,3,
140-1,0.50,0.25,329,109,
474-3,0.50,0.25,1,144,
474-2,0.50,0.25,1,144,
474-1,0.50,0.50,243,77,
474-7,0.50,0.25,1,144,
474-6,0.50,0.50,1,144,
474-5,0.50,1.00,1,144,
474-4,0.50,0.25,2,144,
474-9,0.50,0.25,1,144,
474-8,0.50,0.25,1,144,
4100-1,1.00,1.00,69,52,
4100-2,1.00,0.50,1000,81,4100-1,4100-4
4100-3,1.00,0.50,1,144,
4100-4,1.00,0.50,1000,60,4100-3
4100-5,1.00,0.50,1000,68,4100-4
4100-6,1.00,1.00,69,57,
4100-7,1.00,1.00,1000,28,
4100-8,1.00,2.00,1000,48,4100-7
4100-9,1.00,0.50,1000,57,4100-8
7473-4,1.00,1.00,750,18,7473-3
7473-2,1.00,0.50,745,57,
7473-3,1.00,0.50,758,76,7473-1,7473-2
7473-1,1.00,2.00,1,144,
8364-1,0.50,0.25,718,80,
8364-2,0.50,0.25,1,144,8364-1
8164-12,0.50,0.25,1,144,8164-11
2404-3,0.50,0.25,1,144,
2404-2,0.50,0.50,3,144,2404-1,2404-3
2404-1,0.40,0.20,31,94,
2404-7,0.50,0.50,271,54,2404-6
2404-6,0.75,0.38,108,117,2404-2,2404-5
2404-5,0.50,0.50,99,115,2404-3,2404-4
2404-4,0.55,0.55,102,109,
8164-15,0.50,0.25,1000,3,
8164-16,0.50,0.50,1,144,8164-15
9761-6,0.50,0.25,64,108,9761-1,9761-5
9761-7,0.50,0.50,1,144,9761-6
9761-4,0.50,0.25,51,107,9761-1,9761-3
9761-5,0.50,0.50,2,140,
9761-2,0.50,0.25,8,110,
9761-3,0.50,0.25,1,144,9761-2
9470-3,0.50,0.25,37,104,9470-1,9470-2
9470-2,0.50,0.25,452,94,
4284-13,0.50,0.25,3,129,4284-1,4284-12
4284-12,0.50,0.25,3,127,4284-2,4284-11
4284-11,0.50,0.50,3,139,4284-3,4284-10
4284-10,0.50,0.50,3,135,4284-5,4284-9
3264-4,0.50,1.00,745,24,3264-1,3264-2,3264-3
3264-1,0.50,0.25,122,112,
3264-2,0.50,0.50,52,118,
3264-3,0.50,1.00,788,76,
6182-4,0.50,0.25,98,115,6182-3
6182-5,0.50,0.25,6,89,6182-4
6182-1,0.50,0.25,792,81,
6182-2,0.50,0.25,20,68,
6182-3,0.50,0.25,290,96,6182-1,6182-2
9142-6,0.50,0.25,1,144,9142-5
3317-3,0.50,0.25,14,124,
3317-2,0.50,1.00,1,144,3317-5
7862-1,0.50,0.25,95,131,
7761-1,0.50,0.25,93,129,
1632-3,0.50,0.25,15,122,
1632-2,0.50,0.25,31,93,
1632-1,0.50,0.50,676,68,
1280-1,0.50,1.00,47,75,
1280-2,0.50,1.00,1,144,1280-1
6450-1,1.00,1.00,1000,53,
6450-2,1.00,2.00,473,62,
6450-3,1.00,1.00,313,110,
6450-4,1.00,1.00,1,144,
6450-6,1.00,0.50,631,68,6450-3,6450-5
6450-7,1.00,0.50,945,100,6450-3,6450-6
6450-8,1.00,0.50,1000,68,6450-2,6450-5,6450-7
6450-9,1.00,1.00,1000,4,6450-1,6450-8
2234-1,0.50,0.50,691,67,
2234-3,0.50,0.25,37,92,
6572-9,1.00,1.00,1,144,6572-8
6572-8,1.00,0.50,1,144,
4690-1,0.50,1.00,465,32,
1466-2,0.50,0.50,1,144,1466-1
1466-1,0.50,1.00,8,89,
3947-7,0.50,0.25,3,144,3947-6
8581-28,1.00,0.50,3,96,8581-24,8581-27
8581-29,1.00,0.50,1000,84,8581-19,8581-20,8581-21,8581-28
8581-24,1.00,0.50,1,144,8581-23
8581-25,1.00,1.00,1000,52,
8581-26,1.00,0.50,1000,99,8581-25
8581-27,1.00,2.00,1,144,8581-26
8581-20,1.00,0.50,534,3,8581-22
8581-21,1.00,0.50,1000,3,8581-25
8581-22,1.00,2.00,531,71,
8581-23,1.00,1.00,534,44,8581-22
5734-1,0.50,0.50,247,88,
5734-2,0.50,0.25,1,144,5734-1
7998-7,1.00,2.00,131,92,7998-3,7998-5,7998-6
7998-2,1.00,1.00,44,117,7998-1
8351-1,0.50,0.25,1,144,
6235-4,0.50,1.00,1000,92,6235-2,6235-3
6235-1,0.50,0.25,159,111,
6235-3,0.50,0.25,123,75,
6235-2,0.50,0.50,129,120,6235-1
3366-3,0.50,0.25,157,99,3366-2
3366-2,0.50,0.25,1000,104,3366-1
3366-1,0.50,0.25,1000,112,
3714-10,0.50,0.25,41,128,3714-1,3714-9
9834-3,0.50,0.50,321,65,9834-1,9834-2
9834-2,0.50,0.25,1,144,
9240-4,0.50,0.25,203,101,9240-2,9240-3
1145-9,0.50,0.25,12,62,
1145-4,0.50,0.25,11,117,1145-1,1145-2,1145-3
1145-5,0.50,0.25,3,144,
3774-3,0.50,0.25,1,144,3774-2
3774-1,0.50,0.25,378,29,
6397-10,0.50,1.00,1,144,6397-7,6397-9
6808-13,1.00,0.50,471,2,6808-12
6808-11,1.00,0.50,3,144,6808-8,6808-10
6808-10,1.00,1.00,1,144,6808-9
8796-3,0.50,1.00,375,15,8796-1,8796-2
8796-2,0.50,0.25,38,132,
8085-1,0.50,0.25,1000,1,
8085-2,0.50,1.00,1,144,8085-1
8085-3,0.50,0.25,1000,1,
8085-4,0.50,0.50,1,144,8085-3
8085-6,0.50,1.00,1,144,8085-5
8085-7,0.50,0.25,1000,5,
9525-1,1.00,2.00,149,80,
5711-2,0.50,0.50,198,78,5711-1
5711-1,0.50,0.50,195,106,
7425-3,0.50,0.25,745,15,
7425-2,0.50,0.25,1,144,
7425-1,0.50,0.25,23,103,7425-2,7425-3
7425-7,0.50,0.25,34,99,7425-5,7425-6
7425-6,0.50,1.00,1,144,
7425-5,0.50,0.25,46,84,7425-1,7425-4
7425-4,0.50,0.50,24,111,7425-2,7425-3
6533-60,1.00,1.00,47,116,6533-59
9186-5,0.50,0.50,567,121,9186-1,9186-2,9186-3,9186-4
9186-4,0.50,0.25,464,107,
9186-1,0.50,0.25,205,87,
9186-3,0.50,0.25,58,113,
9186-2,0.50,1.00,42,121,
6868-1,0.50,0.25,27,126,
6868-3,0.50,0.50,1,144,
6868-2,0.50,0.50,11,131,6868-1
6868-5,0.50,0.25,1000,88,
6868-4,0.50,1.00,1,144,6868-3
6868-7,0.50,0.25,37,85,6868-6
6868-6,0.50,1.00,17,116,6868-4,6868-5
6868-9,0.50,0.50,11,119,6868-2,6868-8
6868-8,0.50,0.25,1,144,6868-7
9099-1,0.50,0.25,289,112,
6857-8,0.50,0.25,1,144,6857-1,6857-5,6857-7
6857-1,0.50,0.50,105,77,6857-4
8164-2,0.50,0.25,1,144,8164-1
8164-3,0.50,0.50,1000,1,
8164-1,0.50,0.25,1000,1,
8164-4,0.50,0.25,1,144,8164-3
132-6,0.50,0.25,1,144,132-5
132-1,0.50,0.25,855,77,
132-3,0.40,0.20,1,144,132-2
132-8,0.50,1.00,1,144,132-7
132-9,0.50,0.25,1,144,
9260-3,0.50,0.50,62,122,
9260-1,0.50,0.25,509,100,
2059-1,0.50,0.25,17,78,
7174-1,1.00,0.50,32,85,
7174-2,1.00,1.00,11,115,7174-1
7174-3,1.00,0.50,141,88,
7174-4,1.00,0.50,141,108,7174-3
9274-1,0.50,0.50,1000,104,
9274-8,0.50,1.00,7,127,9274-6,9274-7
2964-1,0.75,0.38,1,144,
2964-2,0.75,0.38,241,100,2964-1
6533-49,1.00,1.00,1000,92,6533-48
6533-48,1.00,0.50,1000,97,6533-50,6533-63
6533-45,1.00,0.50,1,144,
6533-47,1.00,0.50,1,144,6533-46
6533-46,1.00,2.00,1,144,
6533-41,1.00,0.50,1,144,
6533-40,1.00,1.00,509,55,6533-39
6533-43,1.00,0.50,3,96,6533-41,6533-42
6533-42,1.00,0.50,2,144,
3885-3,0.50,0.25,911,71,3885-1,3885-2
3885-2,0.50,1.00,1000,53,
9588-2,0.50,0.25,1,144,9588-1
9588-1,0.50,0.25,1000,35,
8802-7,1.00,1.00,179,133,8802-6
8802-6,1.00,0.50,178,127,8802-1,8802-5
8802-5,1.00,0.50,133,132,8802-4
8802-4,1.00,1.00,131,121,8802-3
8802-3,1.00,0.50,1,144,8802-2
8802-1,1.00,0.50,44,140,8802-4
8802-8,1.00,1.00,179,16,8802-7
534-2,0.50,0.50,1000,7,
534-3,0.50,0.25,281,113,534-1,534-2
534-1,0.50,0.50,1000,12,
534-4,0.50,1.00,213,89,534-3
534-5,0.50,1.00,1,144,534-4
9591-9,0.50,0.25,59,109,9591-6,9591-8
9591-8,0.50,0.25,143,111,9591-7
9591-1,0.50,0.50,2,144,
9591-3,0.50,0.50,57,125,
9591-2,0.50,0.25,37,81,
9591-5,0.50,0.25,1,144,
9591-4,0.50,0.50,15,124,
9591-7,0.50,1.00,1000,60,
8849-1,0.50,0.25,7,95,
8849-2,0.50,0.25,1,144,8849-1
8849-3,0.50,0.25,604,71,
8849-4,0.50,0.50,3,131,8849-3
1385-10,0.50,0.50,43,120,1385-4,1385-8,1385-9
1168-1,0.50,1.00,687,65,
1168-3,0.50,0.25,4,118,
1168-2,0.50,0.50,33,92,
3097-1,0.75,1.50,134,73,
3097-2,0.75,0.38,266,92,3097-1
5204-5,1.00,1.00,255,70,5204-4
5204-1,1.00,0.50,188,89,
5204-3,1.00,1.00,66,34,
9591-10,0.50,1.00,153,69,9591-1,9591-2,9591-9
60-1,0.50,0.25,361,41,
60-3,0.40,0.20,1,144,60-2
60-2,0.40,0.20,9,136,60-1
9413-2,0.50,0.50,341,112,9413-1
8459-9,1.00,0.50,27,72,8459-12
8459-8,1.00,1.00,1000,26,8459-7
8459-6,1.00,2.00,1000,16,8459-7
1152-2,0.50,0.25,1,144,1152-1
1152-1,0.50,1.00,3,120,
6295-3,0.50,0.50,58,101,6295-1,6295-2
6295-2,0.50,0.25,21,104,
6295-1,0.50,0.25,60,120,
6295-4,0.50,0.25,1,144,6295-3
3354-4,0.50,0.25,450,83,
3354-5,0.50,0.25,8,127,
1943-2,0.50,0.25,33,92,
4820-4,0.50,0.50,1,144,4820-3
4820-3,0.50,0.25,1,144,4820-2
4820-2,0.50,0.50,1,144,4820-1
4820-1,0.50,0.25,483,44,
693-1,1.00,0.50,35,113,
693-2,1.00,0.50,11,123,693-1
1395-2,0.50,0.25,1,144,1395-1
1395-1,0.50,1.00,7,102,
4093-1,0.50,0.25,185,26,
7316-3,1.00,0.50,465,50,7316-1,7316-2
4093-3,0.50,1.00,1,144,4093-2
4093-2,0.50,1.00,1,144,4093-1
8181-1,0.50,0.25,1000,40,
8181-2,0.50,0.25,21,120,8181-1
9004-3,0.50,0.25,582,105,
7960-9,0.50,0.25,256,93,7960-3,7960-8
331-1,1.00,1.00,1000,71,
331-3,1.00,0.50,745,39,331-2
331-2,1.00,0.50,726,80,331-1
7960-4,0.50,0.25,1,144,
8446-1,0.50,0.50,1,144,
8446-7,0.50,0.25,11,119,8446-1,8446-6
8446-6,0.50,1.00,27,119,8446-2,8446-4,8446-5
8446-5,0.50,0.25,1,144,
8446-4,0.50,0.50,7,140,8446-3
6095-1,0.50,0.50,581,108,
5228-4,1.00,0.50,848,24,5228-3
5228-5,1.00,0.50,1,144,5228-4
5228-2,1.00,2.00,589,20,
5228-3,1.00,1.00,849,64,5228-1,5228-2
5228-1,1.00,0.50,258,18,
6808-7,1.00,0.50,163,110,6808-6
6808-6,1.00,2.00,163,66,
6808-3,1.00,2.00,231,101,
6808-2,1.00,0.50,72,105,6808-1
6808-1,1.00,0.50,213,53,
8459-15,1.00,1.00,1000,31,8459-1,8459-2,8459-3,8459-5,8459-14
8459-14,1.00,1.00,1000,77,8459-6,8459-8,8459-9,8459-10,8459-11,8459-13
8459-13,1.00,0.50,27,90,8459-12
8459-11,1.00,1.00,27,80,8459-12
8459-10,1.00,1.00,27,74,8459-12
9307-3,0.50,0.50,1,144,
9307-9,0.50,0.25,5,100,9307-5,9307-8
7230-6,0.50,0.25,127,18,7230-5
7230-5,0.50,0.50,218,114,7230-1,7230-4
7230-4,0.50,0.50,405,24,7230-2,7230-3
7230-3,0.50,0.25,33,112,
7230-2,0.50,0.25,1000,64,
7230-1,0.50,0.25,143,95,
8085-13,0.50,0.50,1000,20,
8085-10,0.50,0.25,1,144,8085-9
8085-14,0.50,0.25,1,144,8085-13
9487-9,1.00,2.00,1,144,9487-8
8530-3,0.50,0.25,11,120,8530-2
8530-2,0.50,0.25,1000,36,8530-1
1359-1,0.50,0.25,31,73,
6738-5,1.00,2.00,53,121,6738-4
6738-4,1.00,2.00,53,115,6738-3
4811-3,1.00,2.00,46,34,
4811-2,1.00,1.00,1,144,
4811-1,1.00,1.00,187,71,
4811-5,1.00,1.00,237,92,4811-4
4811-4,1.00,0.50,236,41,4811-1,4811-2,4811-3
6738-3,1.00,0.50,53,63,6738-7
6738-2,1.00,0.50,1,144,6738-1
2582-1,0.50,0.50,297,84,
2582-2,0.50,0.25,1,144,
2582-3,0.40,0.80,3,117,2582-1,2582-2
8447-8,0.50,0.25,3,144,8447-7
8447-9,0.50,0.25,13,125,
8447-6,0.50,0.25,3,144,8447-5
8447-7,0.50,0.25,170,93,8447-4,8447-6
8447-4,0.50,1.00,135,103,8447-3
8447-5,0.50,1.00,13,128,
8447-2,0.50,0.50,3,120,8447-1
8447-3,0.50,0.50,35,86,
8447-1,0.50,1.00,1,144,
3998-2,1.00,0.50,1000,82,
3998-3,1.00,1.00,1,144,
3998-1,1.00,0.50,10,120,
3998-4,1.00,0.50,1,144,3998-3
3998-5,1.00,1.00,1000,99,3998-1,3998-2,3998-4
1965-1,0.50,0.25,23,20,
1965-2,0.50,0.25,1,144,1965-1
2376-3,0.50,0.25,1,144,2376-1,2376-2
2376-2,0.50,0.25,721,107,
2376-1,0.50,0.50,230,71,
7380-3,0.50,0.50,742,58,
7380-2,0.50,0.25,1,144,
7380-1,0.50,0.25,25,115,7380-2,7380-3
7380-7,0.50,0.25,37,32,7380-5,7380-6
7380-6,0.50,0.25,1,144,
7380-5,0.50,0.25,49,100,7380-1,7380-4
7380-4,0.50,0.50,25,96,7380-2,7380-3
3951-11,1.00,1.00,1,144,3951-10
3951-10,1.00,1.00,1000,85,3951-2,3951-5,3951-6,3951-9
3721-18,0.50,0.25,1,144,3721-17
3721-19,0.50,0.50,134,108,3721-3
3721-16,0.50,0.50,1,144,3721-3
3721-17,0.50,0.50,416,60,
3721-14,0.50,1.00,61,105,3721-11,3721-13
3721-15,0.50,0.50,1,144,3721-14
3721-12,0.50,0.50,351,68,
3721-13,0.50,0.25,165,104,3721-12
3721-10,0.50,0.25,3,144,3721-9
3721-11,0.50,0.25,95,109,
427-10,0.50,0.50,35,40,427-9
4014-2,0.50,1.00,256,108,4014-1
4014-1,0.50,0.25,70,118,
2222-1,0.50,1.00,655,60,
2222-3,0.50,0.50,32,91,
2222-2,0.50,0.50,27,114,
7522-5,0.50,0.50,49,74,7522-1,7522-4
7522-4,0.50,0.50,25,140,7522-2,7522-3
7522-7,0.50,0.50,37,81,7522-5,7522-6
7522-6,0.50,0.50,1,144,
7522-1,0.50,0.50,25,92,7522-2,7522-3
7522-3,0.50,0.25,678,67,
7522-2,0.50,1.00,1,144,
3757-3,0.50,1.00,1,144,3757-2
3757-2,0.50,0.25,1,144,3757-1
3757-1,0.50,0.25,374,30,
2363-1,0.50,1.00,1,144,
2363-3,0.50,0.25,1000,63,2363-2
2363-2,0.50,0.25,1,144,2363-1
2363-5,0.50,0.25,451,88,
2363-4,0.50,0.50,508,87,2363-3
2363-7,0.50,0.25,7,132,2363-6
2363-6,0.50,0.25,347,107,2363-4,2363-5
8085-9,0.50,0.50,1000,33,
2045-2,0.50,0.25,1,144,2045-1
2045-1,0.50,0.50,130,69,
556-21,0.50,0.50,1,144,556-3
556-20,0.50,0.50,1,144,556-19
556-22,0.50,1.00,1,144,556-21
1061-1,0.50,1.00,674,64,
1061-2,0.50,0.50,29,104,
8805-2,1.00,0.50,91,88,
8805-3,1.00,0.50,91,110,8805-2
132-10,0.50,0.25,1,144,
132-11,0.50,0.25,1,144,
975-2,0.50,0.50,1,144,975-1
975-1,0.50,0.25,1,144,
8982-7,0.50,0.50,101,85,8982-2,8982-4,8982-6
5706-13,0.50,0.25,1,144,5706-2,5706-6,5706-8,5706-10,5706-12
5706-12,0.50,0.25,7,36,5706-11
5706-11,0.50,0.25,59,72,5706-7,5706-9
5706-10,0.50,1.00,9,57,5706-11
7948-2,0.50,0.25,148,99,
7866-1,0.50,0.25,96,128,
8528-3,0.50,0.25,11,112,8528-2
164-1,0.50,0.50,11,119,
164-3,0.40,0.20,15,133,
164-2,0.50,0.25,1000,60,
164-5,0.40,0.40,13,113,164-1,164-4
164-4,0.75,1.50,440,108,164-2,164-3
164-6,0.50,0.50,3,135,164-5
1145-10,0.50,1.00,40,108,1145-4,1145-8,1145-9
6037-8,0.50,0.25,1,144,6037-7
6037-1,0.50,0.25,108,124,
6037-3,0.50,0.25,141,102,
6037-2,0.50,0.25,1000,88,
6037-5,0.50,0.50,989,98,
6037-4,0.50,1.00,108,124,
6037-7,0.50,0.25,5,134,6037-1,6037-2,6037-3,6037-4,6037-5,6037-6
6037-6,0.50,0.50,321,86,
8843-21,0.50,0.50,9,124,8843-13,8843-14
8843-20,0.50,0.25,39,41,8843-1,8843-2,8843-4,8843-5,8843-6,8843-19
8843-23,0.50,0.50,3,135,8843-22
8843-22,0.50,0.25,5,132,8843-1,8843-2,8843-4,8843-5,8843-6,8843-19
1514-1,0.50,0.50,47,80,
1514-2,0.50,0.25,1,144,1514-1
7456-5,0.50,1.00,49,109,7456-1,7456-4
7456-4,0.50,0.25,25,98,7456-2,7456-3
7456-6,0.50,0.25,1,144,
7456-1,0.50,0.25,25,85,7456-2,7456-3
7456-2,0.50,0.50,1,144,
9065-1,0.50,0.25,766,76,
9065-3,0.50,0.50,1,144,9065-2
9065-2,0.50,0.50,1,144,9065-1
8446-2,0.50,0.50,6,95,
8220-4,0.50,0.50,491,102,8220-1,8220-3
8220-2,0.50,0.50,1,144,
9252-1,0.50,0.50,507,84,
9252-3,0.50,0.25,62,112,
9252-2,0.50,1.00,138,91,
9252-4,0.50,0.50,191,102,9252-2,9252-3
6460-1,0.50,1.00,519,68,
6460-2,0.50,0.25,251,100,6460-1
6747-3,0.50,0.50,421,39,
6747-2,0.50,0.25,7,117,6747-1
6747-1,0.50,1.00,1,144,
6747-5,0.50,0.25,35,110,6747-4
6747-4,0.50,0.25,39,121,6747-2,6747-3
6191-4,0.50,0.25,99,108,6191-3
6191-5,0.50,1.00,7,80,6191-4
6191-1,0.50,0.25,794,84,
6191-2,0.50,0.25,11,129,
6191-3,0.50,0.25,293,113,6191-1,6191-2
2919-1,0.40,0.20,1,144,
2919-2,0.40,0.20,1,144,2919-1
7478-1,0.50,0.50,11,84,
7478-2,0.50,0.25,1,144,7478-1
6857-11,0.50,0.25,1,144,6857-10
6857-10,0.50,0.50,1,144,6857-9
7485-1,1.00,1.00,1,144,
6108-2,0.50,0.50,883,63,6108-1
6108-3,0.50,0.50,1,144,6108-2
6108-1,0.50,0.50,1,144,
9624-2,0.50,0.50,1,144,9624-1
9624-1,0.50,0.25,1000,43,
5007-1,0.50,0.50,727,45,
5007-3,0.50,0.25,1,144,5007-2
5007-2,0.50,0.25,1,144,5007-1
2362-1,0.50,0.25,126,100,
2362-2,0.50,0.25,636,92,
2362-3,0.50,0.50,435,73,2362-1,2362-2
7291-1,0.50,0.50,21,113,
7291-2,0.50,1.00,3,139,7291-1
7291-3,0.50,0.50,466,95,
7291-4,0.50,0.50,495,111,7291-2,7291-3
6533-16,1.00,1.00,53,95,6533-15
6533-17,1.00,1.00,275,97,
6533-14,1.00,1.00,36,124,
6533-15,1.00,0.50,53,122,6533-13,6533-14
6533-12,1.00,2.00,2,90,
6533-13,1.00,0.50,17,120,
6533-10,1.00,0.50,21,72,
6533-11,1.00,1.00,7,116,
6533-18,1.00,0.50,274,87,6533-17
6533-19,1.00,1.00,15,104,
6952-2,0.50,0.25,121,117,6952-1
6952-1,0.50,0.25,254,48,
2664-11,0.50,0.25,516,96,2664-9,2664-10
1496-2,0.50,0.25,1,144,1496-1
1496-1,0.50,0.50,28,68,
1180-8,0.50,0.50,49,115,1180-6,1180-7
1180-7,0.50,0.25,12,68,
1180-5,0.50,0.25,169,90,1180-1,1180-2,1180-3,1180-4
1180-4,0.50,0.25,73,120,1180-1,1180-2,1180-3
1180-3,0.50,0.25,693,30,
1180-2,0.50,0.50,31,100,
1180-1,0.50,1.00,4,108,
2130-2,0.50,0.25,1,144,2130-1
2130-1,0.50,0.50,48,85,
2500-2,0.55,0.28,431,102,2500-1
2500-3,0.50,0.50,799,96,
2500-1,0.70,0.70,324,98,
2500-6,0.50,0.25,315,104,2500-2,2500-5
2500-5,0.50,0.50,467,100,2500-3,2500-4
7409-1,0.50,0.25,1000,65,
7409-3,0.50,0.25,1000,105,7409-1,7409-2
7409-2,0.50,0.25,22,72,
2587-1,1.00,0.50,1,144,
2587-3,1.00,0.50,340,109,2587-1,2587-2
2587-2,1.00,0.50,341,72,
8064-1,0.50,0.25,1000,43,
1157-3,0.50,1.00,692,29,
1157-2,0.50,0.25,29,104,
1157-1,0.50,0.25,3,114,
1157-7,0.50,0.25,12,63,
1157-6,0.50,0.25,65,107,1157-5
1157-5,0.50,0.25,169,107,1157-1,1157-2,1157-3,1157-4
1157-4,0.50,0.25,73,109,1157-1,1157-2,1157-3
1157-8,0.50,0.25,49,116,1157-6,1157-7
5982-5,0.50,0.50,231,106,5982-3,5982-4
5982-4,0.50,1.00,11,99,
5982-7,0.50,0.25,252,108,5982-1,5982-2,5982-6
5982-6,0.50,1.00,1,144,5982-5
5982-1,0.50,1.00,1,144,
5982-3,0.50,0.50,88,93,
5982-2,0.50,0.25,202,112,
6397-5,0.50,0.25,49,127,
6397-6,0.50,0.50,1,144,
6397-7,0.50,0.25,1,144,
6397-1,0.50,1.00,1,144,
6397-2,0.50,0.50,1,144,6397-1
6397-3,0.50,0.25,8,109,
6397-8,0.50,1.00,1,144,
6397-9,0.50,0.25,1000,84,6397-8
9748-4,0.50,0.25,31,57,9748-3
8987-1,0.50,0.25,1,144,
9064-1,0.50,0.25,284,73,
9064-2,0.50,0.25,286,84,9064-1
7562-1,1.00,0.50,5,132,
7562-3,1.00,2.00,353,84,
7562-2,1.00,1.00,3,120,7562-1
7562-5,1.00,1.00,1,144,7562-4
7562-4,1.00,0.50,1,144,7562-3
7562-7,1.00,0.50,1,144,7562-6
7562-6,1.00,2.00,483,64,
7562-9,1.00,0.50,27,99,
7562-8,1.00,0.50,1,144,7562-7
5771-1,0.50,0.25,1000,69,
3343-1,1.00,1.00,1,144,
3343-2,1.00,0.50,108,116,
3343-3,1.00,0.50,137,99,
3343-6,1.00,1.00,247,118,3343-4,3343-5
8224-3,0.50,0.25,1000,1,
8224-5,0.50,0.25,1000,76,
8224-7,0.50,0.25,1000,4,
8224-6,0.50,0.50,1,144,8224-5
8224-9,0.50,0.50,1000,32,
8224-8,0.50,0.25,1,144,8224-7
2794-4,0.50,0.25,3,139,2794-3
2794-3,0.50,0.50,105,103,2794-1,2794-2
2794-2,0.75,0.75,13,116,
2794-1,0.75,0.38,709,97,
2081-2,0.50,0.25,1,144,2081-1
2081-1,0.50,0.50,29,87,
1153-3,0.50,1.00,3,121,
1153-2,0.50,0.25,32,108,
1153-1,0.50,0.25,691,72,
2879-2,0.40,0.80,1,144,2879-1
2879-1,0.40,0.80,1,144,
8115-2,0.50,0.50,1,144,8115-1
8115-3,0.50,0.25,1000,1,
8115-1,0.50,0.25,1000,1,
8115-6,0.50,0.25,1,144,8115-5
8115-7,0.50,0.50,1000,4,
8115-4,0.50,0.25,1,144,8115-3
8115-5,0.50,0.25,1000,76,
8115-8,0.50,0.50,1,144,8115-7
8115-9,0.50,1.00,1000,32,
8593-4,0.50,1.00,1,144,
8593-5,0.50,0.25,1,144,8593-3,8593-4
8593-6,0.50,0.25,1,144,8593-5
8593-7,0.50,0.25,3,136,8593-1,8593-2,8593-6
8593-1,0.50,0.25,333,61,
8593-2,0.50,0.25,17,112,8593-3,8593-4
8593-3,0.50,0.25,16,120,
8593-8,0.50,1.00,1,144,8593-7
8593-9,0.50,1.00,1,144,8593-8
8364-3,0.50,1.00,1,144,8364-1,8364-2
3512-3,1.00,0.50,1,144,
5887-1,0.50,0.25,1,144,
5887-2,0.50,0.25,626,43,5887-1
6537-2,1.00,0.50,1,144,
6537-3,1.00,0.50,1,144,
6537-4,1.00,0.50,1,144,
6537-5,1.00,0.50,93,67,6537-1,6537-2,6537-3,6537-4
7142-3,0.50,0.50,213,23,7142-1,7142-2
7142-2,0.50,0.25,16,130,
7142-1,0.50,0.25,30,66,
7189-1,0.50,0.25,17,121,
7189-2,0.50,0.25,15,117,7189-1
7189-3,0.50,0.25,51,116,
7189-4,0.50,0.50,193,102,7189-3
7189-5,0.50,0.50,115,119,7189-2,7189-4
6952-3,0.50,0.25,1,144,6952-2
6952-4,0.50,0.50,1,144,6952-3
3315-1,0.50,0.50,12,132,
3315-3,0.75,0.75,90,99,
3315-2,0.55,0.55,13,129,3315-1
3315-5,0.55,1.10,279,103,3315-2,3315-3,3315-4
3315-4,0.50,0.25,49,127,
3315-6,0.40,0.20,59,109,3315-5
9689-5,0.50,0.50,161,80,9689-3,9689-4
9689-4,0.50,0.25,126,90,
9689-7,0.50,0.50,3,136,9689-2,9689-6
9689-6,0.50,1.00,3,127,9689-5
9689-1,0.50,0.25,2,144,
9689-3,0.50,0.25,351,96,
9689-2,0.50,0.50,3,138,9689-1
9689-8,0.50,0.25,1,144,9689-7
9319-12,1.00,0.50,1000,35,9319-1,9319-11
9319-11,1.00,0.50,1000,66,9319-2,9319-4,9319-10
9319-10,1.00,1.00,1000,73,9319-8,9319-9
49-3,0.50,0.50,3,134,49-2
49-1,0.50,0.25,17,112,
49-6,0.50,0.25,1,144,
49-7,0.50,0.50,1,144,49-6
49-4,0.50,0.50,862,101,
49-5,0.50,0.50,3,136,
49-8,0.40,0.80,1,144,49-5,49-7
49-9,0.50,0.25,411,102,49-3,49-4,49-8
5691-4,0.50,0.25,1,144,5691-1,5691-3
5691-5,0.50,0.25,1,144,5691-4
5691-2,0.50,0.25,1,144,
5691-3,0.50,0.25,423,51,5691-2
5691-1,0.50,0.50,1,144,
9943-1,1.00,0.50,1,144,
9943-2,1.00,2.00,54,97,
9943-3,1.00,0.50,91,86,
9943-6,1.00,0.50,314,94,9943-4,9943-5
9943-8,1.00,0.50,315,41,9943-7
9943-9,1.00,0.50,315,78,9943-8
3721-21,0.50,0.50,1,144,3721-20
3721-20,0.50,0.25,1,144,3721-17,3721-19
9761-1,0.50,0.50,31,124,
9470-1,0.50,1.00,1,144,
9470-4,0.50,0.25,6,47,9470-3
7343-1,0.50,0.25,1,144,
7343-2,0.50,0.50,1,144,7343-1
2664-13,0.40,0.20,283,28,2664-1,2664-12
6904-8,0.50,0.25,1,144,6904-7
2664-12,0.50,0.50,415,88,2664-8,2664-11
6904-6,0.50,0.25,17,126,6904-4,6904-5
6904-7,0.50,0.50,37,77,6904-6
6904-4,0.50,0.25,1,144,6904-3
6904-5,0.50,0.50,1000,90,
6904-2,0.50,0.25,11,125,6904-1
6904-3,0.50,0.25,1,144,
6904-1,0.50,1.00,27,124,
2664-10,0.75,0.38,41,120,
870-2,0.50,0.25,1,144,870-1
870-1,0.50,0.50,1,144,
9083-1,1.00,1.00,86,29,
9083-3,1.00,1.00,625,48,9083-1,9083-2
9083-2,1.00,1.00,536,116,
7383-1,0.50,0.25,17,123,
301-1,0.50,0.50,2,140,
301-2,0.50,1.00,115,105,301-1
1804-2,0.50,0.25,6,104,
1804-3,0.50,0.50,9,112,
1804-1,0.50,1.00,574,80,
2862-3,0.75,0.38,7,119,2862-1,2862-2
2862-2,0.75,0.75,40,104,
2862-1,0.75,0.38,8,129,
2862-4,0.75,0.38,1,144,2862-3
7743-1,0.50,0.25,80,116,
5499-1,0.50,0.25,759,87,
5499-2,0.50,0.25,1,144,5499-1
5499-3,0.50,0.50,1,144,5499-2
5607-10,0.50,0.25,7,138,5607-4,5607-9
1906-9,0.50,0.25,1,144,1906-3,1906-8
1906-8,0.50,0.25,89,110,1906-5,1906-6,1906-7
1906-5,0.50,0.50,1,144,1906-4
1906-4,0.50,0.25,1,144,
1906-7,0.50,0.50,157,52,
1906-6,0.50,0.50,25,131,
1906-1,0.50,0.25,1,144,
1906-3,0.50,0.25,1,144,1906-2
1906-2,0.50,1.00,1,144,1906-1
6209-4,0.50,0.25,99,112,6209-3
6209-5,0.50,0.25,7,78,6209-4
6209-1,0.50,1.00,795,89,
6209-2,0.50,0.25,11,121,
6209-3,0.50,0.50,293,106,6209-1,6209-2
9568-1,0.50,0.50,1000,84,
9568-2,0.50,0.50,1,144,9568-1
7456-3,0.50,0.25,756,51,
9339-9,0.50,0.50,3,124,9339-6,9339-8
9339-8,0.50,0.25,1,144,9339-7
9339-1,0.50,0.25,529,101,
9339-3,0.50,0.25,58,120,
9339-2,0.50,0.50,405,95,9339-1
9339-5,0.50,0.25,2,128,
9339-4,0.50,0.25,82,116,9339-3
9339-7,0.50,0.50,43,102,
9339-6,0.50,0.50,71,102,9339-4,9339-5
9307-11,0.50,0.25,41,106,9307-2,9307-10
151-11,0.50,1.00,1,144,
151-10,0.50,0.25,39,121,151-9
151-13,0.40,0.20,43,119,151-12
151-12,0.50,0.25,1,144,151-11
151-15,0.40,0.40,37,106,151-10,151-13,151-14
151-14,0.50,0.25,1,144,
151-16,0.40,0.40,1,144,151-15
1715-3,0.50,0.25,17,95,
1715-2,0.50,0.25,31,104,
5611-14,1.00,2.00,2,132,
5611-15,1.00,1.00,1000,67,
5611-16,1.00,2.00,9,129,
5611-17,1.00,1.00,1000,89,5611-15,5611-16
5611-10,1.00,2.00,232,70,
5611-11,1.00,0.50,233,62,5611-10
5611-12,1.00,0.50,1000,11,
5611-13,1.00,0.50,1000,96,5611-12
5611-18,1.00,0.50,9,121,
5611-19,1.00,2.00,2,89,
639-1,0.50,0.25,253,114,
639-2,0.50,0.50,471,101,639-1
8843-12,0.50,0.25,56,111,
8843-19,0.50,1.00,75,115,8843-7,8843-8,8843-9,8843-18
3641-8,1.00,2.00,99,81,3641-7
3641-7,1.00,0.50,97,94,3641-2,3641-3,3641-5,3641-6
3641-6,1.00,0.50,1,144,
3641-5,1.00,0.50,44,136,3641-4
3641-4,1.00,2.00,47,88,
3641-3,1.00,0.50,47,112,3641-4
3641-2,1.00,0.50,3,144,3641-1
3641-1,1.00,0.50,3,105,
2500-4,0.75,0.38,43,114,
4982-3,0.50,0.25,1,144,4982-2
24-3,0.50,0.25,558,58,24-2
6138-3,0.50,0.25,397,105,6138-2
6138-2,0.50,0.50,393,108,
6138-1,0.50,0.25,256,108,6138-2
6138-5,0.50,0.25,335,97,6138-1,6138-4
6138-4,0.50,0.25,279,109,6138-3
3160-2,0.75,0.38,1000,91,3160-1
3160-1,0.75,0.75,1,144,
6918-10,0.50,0.50,1,144,6918-9
2757-1,0.50,0.50,1,144,2757-2
2757-2,0.50,1.00,8,102,
2757-3,0.50,0.50,1,144,2757-2
2757-4,0.50,0.25,89,112,
2757-5,0.50,1.00,15,132,2757-4
2757-6,0.50,0.25,7,144,
2757-7,0.50,0.50,1,144,2757-6
2757-8,0.50,0.50,191,108,2757-7
2757-9,0.50,0.50,291,117,2757-5,2757-8
5196-2,0.50,1.00,728,57,
8581-9,1.00,2.00,13,116,8581-7,8581-8,8581-18
8581-8,1.00,0.50,8,84,
8581-7,1.00,0.50,4,123,
6533-29,1.00,1.00,1,144,6533-28
6533-28,1.00,0.50,1,144,
6533-27,1.00,0.50,1,144,6533-36
6533-26,1.00,1.00,3,48,6533-24,6533-25
6533-25,1.00,1.00,1,144,
6533-24,1.00,0.50,1,144,
6533-23,1.00,0.50,2,120,
6533-22,1.00,0.50,211,89,
6533-21,1.00,2.00,188,95,
6533-20,1.00,0.50,15,124,6533-19
4145-4,0.50,0.25,1,144,4145-3
4145-1,0.50,0.25,7,136,
4145-3,0.50,0.25,1,144,4145-1,4145-2
4145-2,0.50,0.25,755,101,
2153-2,0.50,0.50,1,144,2153-1
8526-1,0.50,0.50,1,144,
8526-2,0.50,0.25,1000,25,8526-1
8526-3,0.50,0.25,11,125,8526-2
4410-2,0.50,0.25,1,144,4410-1
4410-3,0.50,0.25,1,144,4410-2
4410-1,0.50,0.50,1000,24,
1392-1,0.50,0.25,7,86,
1392-2,0.50,1.00,1,144,1392-1
3811-4,1.00,0.50,1000,9,3811-3
3811-2,1.00,0.50,1000,41,3811-1
3811-3,1.00,1.00,1000,70,3811-2
3811-1,1.00,1.00,23,52,
556-8,0.50,1.00,1,144,556-7
556-9,0.50,0.25,1,144,556-3
556-2,0.50,0.25,2,141,
556-3,0.50,0.25,953,46,556-1,556-2
556-1,0.50,0.50,1,144,
556-6,0.50,0.50,1,144,556-5
556-7,0.50,0.25,1,144,556-3
556-4,0.50,0.25,1,144,556-3
556-5,0.50,0.25,1,144,556-3
9705-1,0.50,1.00,320,74,
9705-2,0.50,0.50,18,128,9705-1
1018-1,0.50,1.00,3,144,
1018-2,0.50,0.50,1,144,1018-1
2587-4,1.00,0.50,342,84,2587-3
4253-3,0.50,1.00,1,144,4253-2
4253-2,0.50,0.25,1,144,4253-1
4253-1,0.50,0.25,436,31,
9429-4,1.00,2.00,78,116,
1870-2,0.50,0.25,1,144,1870-1
1870-1,0.50,0.25,48,86,
8064-3,0.50,0.25,1,144,8064-2
8064-2,0.50,0.25,21,119,8064-1
5481-3,0.50,0.50,1,144,5481-2
5481-2,0.50,0.25,1,144,5481-1
5481-1,0.50,0.50,629,33,
2075-2,0.50,0.50,1,144,2075-1
2075-1,0.50,0.25,147,68,
6028-1,0.50,0.25,113,91,
6028-3,0.50,0.50,1,144,6028-2
6028-2,0.50,0.25,1,144,6028-1
826-2,0.50,0.50,1,144,826-1
826-1,0.50,0.25,48,88,
3714-11,0.50,0.25,31,124,3714-10
6521-1,1.00,0.50,1,144,
6521-2,1.00,2.00,952,48,6521-1
6450-5,1.00,0.50,316,109,6450-3,6450-4,6450-10
8164-8,0.50,0.25,1,144,8164-7
8164-9,0.50,0.50,1000,33,
8164-6,0.50,0.25,1,144,8164-5
8164-7,0.50,0.25,1000,4,
8164-5,0.50,0.50,1000,74,
7247-1,0.50,0.25,470,75,
6079-3,0.50,0.25,61,11,6079-2
6079-2,0.50,0.50,653,104,6079-1
6079-1,0.50,0.25,1,144,
2234-2,0.50,1.00,33,97,
5726-1,0.50,0.25,200,108,
5726-2,0.50,0.25,200,88,5726-1
3354-1,0.50,0.50,1,144,
3354-2,0.50,1.00,3,138,3354-1
3354-3,0.50,1.00,36,88,
3354-6,0.50,0.25,453,98,3354-4,3354-5
3354-7,0.40,0.80,285,118,3354-3,3354-6
3354-8,0.40,0.80,247,96,3354-2,3354-7
3354-9,0.50,0.50,249,112,
6533-56,1.00,2.00,243,105,6533-55
6533-57,1.00,0.50,34,119,
6533-55,1.00,2.00,242,13,
5607-9,0.50,0.25,7,120,5607-6,5607-8
5607-8,0.50,0.50,29,106,5607-7
5607-3,0.50,0.25,25,33,
5607-2,0.50,0.50,1,144,5607-1
5607-1,0.50,0.25,1,144,
5607-7,0.50,0.25,239,40,
5607-6,0.50,0.25,1,144,5607-5
5607-5,0.50,0.25,7,92,
5607-4,0.50,0.25,3,139,5607-3
3466-2,0.50,1.00,695,110,3466-1
123-2,0.50,1.00,3,111,123-1
123-3,0.50,1.00,334,119,
123-1,0.50,0.25,1,144,
123-4,0.40,0.40,321,96,123-2,123-3
553-2,0.50,0.50,177,23,553-1
553-1,0.50,0.50,80,124,
8220-3,0.50,0.50,7,112,8220-2
6397-4,0.50,0.25,3,138,6397-3
9468-4,0.50,0.25,8,140,
9468-5,0.50,0.50,7,121,9468-4
9468-7,0.50,0.50,51,104,9468-1,9468-6
9468-3,0.50,0.50,1,144,9468-4
6723-4,0.50,0.25,51,121,6723-1,6723-3
8120-1,0.50,0.25,1000,1,
8120-8,0.50,0.50,1,144,8120-7
8120-9,0.50,1.00,1000,29,
4690-2,0.50,0.25,1,144,4690-1
4690-3,0.50,0.25,1,144,4690-2
2664-9,0.75,0.38,1,144,
2664-8,0.40,0.20,119,131,2664-5,2664-7
2664-3,0.50,0.25,39,112,
2664-2,0.70,0.35,2,113,
2664-1,0.50,0.50,1,144,
2664-7,0.50,1.00,423,87,2664-6
2664-6,0.55,0.28,518,97,2664-9,2664-10
2664-5,0.40,0.40,21,112,2664-2,2664-4
2664-4,0.40,0.20,5,115,2664-3
5468-8,0.50,0.25,1,144,5468-7
5468-1,0.50,0.25,9,132,
5468-2,0.50,0.50,93,84,
5468-3,0.50,1.00,89,104,5468-1,5468-2
5468-4,0.50,0.25,5,144,5468-3
5468-5,0.50,0.25,89,112,
5468-6,0.50,0.25,5,115,5468-5
5468-7,0.50,0.25,5,86,5468-4,5468-6
7858-1,0.50,0.50,95,126,
8893-1,0.65,0.33,286,90,
8893-3,0.60,0.60,279,75,8893-1,8893-2
8893-2,0.75,0.75,29,120,
6025-1,0.50,0.25,1000,68,
6025-2,0.50,0.25,65,118,6025-1
6918-7,0.50,0.25,37,77,6918-6
5047-4,0.50,0.50,1,144,5047-3
5047-1,0.50,0.50,478,29,
5047-3,0.50,0.25,1,144,5047-2
5047-2,0.50,0.25,1,144,5047-1
767-1,1.00,0.50,291,87,
767-2,1.00,0.50,7,128,
767-3,1.00,1.00,1,144,
767-4,1.00,1.00,262,82,767-1,767-2,767-3
767-5,1.00,0.50,304,30,767-4
7723-1,0.50,0.25,47,128,
8843-5,0.50,0.25,2,108,
1715-1,0.50,0.25,686,63,
7503-1,1.00,2.00,1,144,
3853-4,0.50,0.25,351,111,3853-1,3853-2,3853-3
3853-1,0.50,0.25,46,113,
3853-2,0.50,1.00,33,127,
3853-3,0.50,0.25,364,92,
1149-2,0.50,1.00,27,117,
1149-3,0.50,0.50,3,108,
1149-1,0.50,0.25,654,51,
6414-1,0.50,0.25,265,99,
8351-3,0.50,0.25,1,144,8351-2
8987-2,0.50,1.00,1000,92,8987-1
5385-1,0.50,0.25,372,45,
5385-2,0.50,0.25,1,144,5385-1
5385-3,0.50,0.50,1,144,5385-2
3881-1,0.50,0.50,6,132,
3881-3,0.50,1.00,534,92,3881-2
3881-2,0.50,0.25,1,144,3881-1
3106-3,0.75,1.50,480,105,3106-2
3106-2,0.75,0.38,709,72,3106-1
3106-1,0.75,0.75,1,144,
3512-12,1.00,0.50,125,73,3512-2,3512-11
3512-10,1.00,2.00,119,86,3512-4,3512-9
3512-11,1.00,2.00,121,2,3512-3,3512-10
5533-5,0.50,0.50,1,144,5533-4
5533-4,0.50,1.00,1,144,5533-3
5533-6,0.50,1.00,1,144,5533-5
5533-1,0.50,0.25,426,91,
5533-3,0.50,0.50,31,108,5533-1,5533-2
5533-2,0.50,0.25,95,37,
8120-2,0.50,0.25,1,144,8120-1
8120-3,0.50,0.25,1000,1,
8120-6,0.50,0.25,1,144,8120-5
8120-7,0.50,0.25,1000,4,
8120-4,0.50,0.25,1,144,8120-3
8120-5,0.50,0.50,1000,75,
6419-1,1.00,0.50,18,129,
6520-1,0.50,0.25,1,144,
6520-2,0.50,0.50,204,105,
6520-3,0.50,0.50,1,144,
6520-4,0.50,0.25,33,69,6520-3
6520-5,0.50,0.25,1,144,6520-4
6520-6,0.50,1.00,97,96,6520-2,6520-5
6520-7,0.50,0.50,21,144,6520-1,6520-6
6520-8,0.50,0.25,231,92,6520-2,6520-7
6520-9,0.50,0.25,1,144,6520-8
795-5,0.50,0.25,240,106,795-3,795-4
795-4,0.50,0.25,8,122,
795-3,0.50,0.50,189,20,795-1,795-2
795-2,0.50,0.25,149,123,
795-1,0.50,0.50,3,144,
7018-4,1.00,0.50,127,40,7018-3
7018-3,1.00,2.00,127,104,7018-2
7018-2,1.00,0.50,126,100,7018-1
7018-1,1.00,0.50,375,69,
5236-4,0.50,1.00,1,144,5236-3
5236-3,0.50,1.00,1,144,5236-2
5236-2,0.50,0.25,1,144,5236-1
5236-1,0.50,0.50,509,28,
9142-5,0.50,0.50,1,144,
9142-4,0.50,0.25,1,144,9142-3
6419-3,1.00,0.50,516,112,6419-1,6419-2
6419-2,1.00,0.50,499,108,
6419-4,1.00,1.00,18,122,
9142-1,0.50,1.00,1,144,
